bank_code,bank_name,year,SIZE,CAR,car_source,NPL,ROA,roa_flag,NIIR,DPRR,CIR,INF,RISK,risk_partial
ABB,Ngân hàng An Bình,2014,18.02711727946947,0.13939074,reported,0.0,0.001733836212486947,,0.11893549589747815,0.2546130032427793,0.6558226292770043,0.0471,0.0,False
ABB,Ngân hàng An Bình,2015,17.980231039266375,0.12543958,reported,0.0,0.001384698441293058,,0.164522421504194,0.33636973190764613,0.6035973208009194,0.008786,0.0,False
ABB,Ngân hàng An Bình,2016,18.12189057776521,0.10684964,reported,0.0,0.003521049575748345,,0.1928232685452385,0.29077724494992363,0.5743255071295196,0.032436,0.0,False
ABB,Ngân hàng An Bình,2017,18.25229841119449,0.09404897,reported,0.0,0.0061614913320831265,,0.19379024879798631,0.18208788999856632,0.5923484975013783,0.035203,0.0,False
ABB,Ngân hàng An Bình,2018,18.315296794686642,0.09405442,reported,0.0,0.008193731427036275,,0.30017690401832686,0.1079591702916599,0.5734642599297808,0.035394,0.0,False
ABB,Ngân hàng An Bình,2019,18.44634849070094,0.10760884,reported,0.0,0.01039133912426902,,0.3189630274099126,0.13574698559112972,0.514155362318522,0.0273,0.0,False
ABB,Ngân hàng An Bình,2020,18.57254309326161,0.1093264,reported,0.0,0.010206913242009133,,0.36911017510397626,0.13599830459085008,0.49228403401414605,0.0396,0.0,False
ABB,Ngân hàng An Bình,2021,18.61047431558502,0.12996795,reported,0.0,0.013147728613569321,,0.3243496130605859,0.16470384104143926,0.40343358710397437,0.0184,0.0,False
ABB,Ngân hàng An Bình,2022,18.683813943482733,0.13219878,reported,0.0,0.010810597609561753,,0.1606102204842155,0.17319177128814267,0.4473030107533593,0.0315,0.0,False
ABB,Ngân hàng An Bình,2023,18.903723986705906,0.11601662,reported,0.0,0.0031040520191649556,,0.36382574648019866,0.34582137616494457,0.5194701373323363,0.03252893,0.0,False
ABB,Ngân hàng An Bình,2024,18.989963937289925,0.128,reported,0.0,0.003605507674144038,,,,,0.0363,0.0,False
ACB,Ngân hàng Á Châu,2014,19.006242713832375,0.07981919,reported,0.0,0.00529956570155902,,0.21311108091297373,0.16136741642624197,0.6379487333596751,0.0471,1.0,False
ACB,Ngân hàng Á Châu,2015,19.12129993935101,0.0745889,reported,0.0,0.005396127000787195,,0.054139285168261476,0.14218873110236518,0.6465427892498242,0.008786,1.0,False
ACB,Ngân hàng Á Châu,2016,19.269548799509085,0.06866294,reported,0.0,0.006089954044117647,,0.08867607572202955,0.16100319709006358,0.6185636711236572,0.032436,1.0,False
ACB,Ngân hàng Á Châu,2017,19.46554057662123,0.06416617,reported,0.0,0.00817811196911197,,0.2606153261644096,0.2242646567080829,0.5435272717004742,0.035203,1.0,False
ACB,Ngân hàng Á Châu,2018,19.612479747346594,0.07459331,reported,0.0,0.016743976531942633,,0.2615425748612273,0.06644322509785545,0.47830982800144145,0.035394,1.0,False
ACB,Ngân hàng Á Châu,2019,19.764850178771585,0.08607263,reported,0.0,0.016862898428731763,,0.24756821820332822,0.017010312192321308,0.5160846009899889,0.0273,0.0,False
ACB,Ngân hàng Á Châu,2020,19.912460612918235,0.09519457,reported,0.0,0.01855754347826087,,0.19707753444424078,0.05182187032884028,0.41980828584547514,0.0396,0.0,False
ACB,Ngân hàng Á Châu,2021,20.084227982033497,0.10795732,reported,0.0,0.019752640131646612,,0.19602807622153406,0.14157653304742823,0.6507478760924982,0.0184,0.0,False
ACB,Ngân hàng Á Châu,2022,20.225520952718952,0.1205629,reported,0.0,0.024105297173549353,,0.18258165220664474,0.002459667773610947,0.4030919761319069,0.0315,0.0,False
ACB,Ngân hàng Á Châu,2023,20.39309371287368,0.12761513,reported,0.0,0.024187431974071003,,0.23779464050465704,0.055096884199833655,0.33207459382854654,0.03252893,0.0,False
ACB,Ngân hàng Á Châu,2024,20.577083326768328,0.1123,reported,0.0,0.021215274197624465,,,,,0.0363,0.0,False
BAB,Ngân hàng Bắc Á,2014,17.861748969526353,0.0800498,reported,0.0,0.004793032879234966,,0.08050682064431029,0.2187796531465143,0.4875238066396129,0.0471,0.0,False
BAB,Ngân hàng Bắc Á,2015,17.96592232962003,0.08513256,reported,0.0,0.006306389786058319,,0.1856976031164896,0.1300468615675029,0.5297596503567972,0.008786,0.0,False
BAB,Ngân hàng Bắc Á,2016,18.145429724796067,0.08780585,reported,0.0,0.0071835322724297145,,0.07337299891979007,0.044463663613597444,0.5202395217900224,0.032436,0.0,False
BAB,Ngân hàng Bắc Á,2017,18.33492894790295,0.08858867,reported,0.0,0.007184244530757565,,0.13602682724101003,0.15447185823460285,0.4585107962969236,0.035203,0.0,False
BAB,Ngân hàng Bắc Á,2018,18.3905210895353,0.08983788,reported,0.0,0.00717340684900459,,0.13947066467070418,0.1390142275650524,0.43420137437721157,0.035394,0.0,False
BAB,Ngân hàng Bắc Á,2019,18.496715430228363,0.0864285,reported,0.0,0.007314296921508853,,0.10300695224289884,0.07065407277733027,0.5033748619084413,0.0273,0.0,False
BAB,Ngân hàng Bắc Á,2020,18.579392435107188,0.08374381,reported,0.0,0.005222514438027543,,0.08901301082560972,0.11407167795156643,0.5563460068678213,0.0396,0.0,False
BAB,Ngân hàng Bắc Á,2021,18.601334243645624,0.08695201,reported,0.0,0.006129443037974683,,0.1407660765362276,0.09885564151929639,0.5325028976237861,0.0184,0.0,False
BAB,Ngân hàng Bắc Á,2022,18.673771371634526,0.08834252,reported,0.0,0.0066976588897827835,,0.1236112447849757,0.03918992243196233,0.5985100827290112,0.0315,0.0,False
BAB,Ngân hàng Bắc Á,2023,18.84070600339186,0.08338252,reported,0.0,0.006080903914590747,,0.21568433709865006,0.05008283784364903,0.6016817707175854,0.03252893,0.0,False
BAB,Ngân hàng Bắc Á,2024,18.924481752781393,0.0924,reported,0.0,,,,,,0.0363,0.0,False
BID,BIDV,2014,20.29294435283938,0.06211153,reported,0.0,0.007666718437644164,,0.2310881859295161,0.3188851006891797,0.3936660893070516,0.0471,1.0,False
BID,BIDV,2015,20.561570097946113,0.05705427,reported,0.0,0.008496676882078615,,0.218402402962363,0.22969789290812412,0.44865257449732043,0.008786,1.0,False
BID,BIDV,2016,20.729247908623957,0.04932951,reported,0.0,0.0067095987504712665,,0.22903190530539153,0.30265225492398357,0.4451885037151203,0.032436,1.0,False
BID,BIDV,2017,20.90725267305943,0.04575119,reported,0.0,0.006291291666666666,,0.20661369775281732,0.380537001046295,0.39737416683477833,0.035203,1.0,False
BID,BIDV,2018,20.99558043226707,0.04644789,reported,0.0,0.005997481510934394,,0.21417585866728328,0.424737757486209,0.36231593049956856,0.035394,1.0,False
BID,BIDV,2019,21.12204195690378,0.06245274,reported,0.0,0.006099006064930431,,0.25235077067839484,0.41835821354561936,0.3586174421108018,0.0273,1.0,False
BID,BIDV,2020,21.140000537312805,0.06019626,reported,0.0,0.004804499501163951,,0.284595479710033,0.46601260855335785,0.35359652021706117,0.0396,1.0,False
BID,BIDV,2021,21.2897153644604,0.05734375,reported,0.0,0.006612547118023788,,0.2507538137048888,0.47174079692816046,0.3114755908373697,0.0184,1.0,False
BID,BIDV,2022,21.475153512528955,0.06048378,reported,0.0,0.00948751686840072,,0.19419783530454895,0.3451371297047284,0.32418341040162374,0.0315,1.0,False
BID,BIDV,2023,21.55660964799964,0.06260089,reported,0.0,0.00993990999547716,,0.23115674017415277,0.2786286039926278,0.3435085828599577,0.03252893,1.0,False
BID,BIDV,2024,21.738858769894428,0.0897,reported,0.0,,,,,,0.0363,0.0,False
BVB,Vietcapital Bank,2014,17.065206680316344,0.17703812,reported,0.0,0.006287597201575145,,0.2952224871545152,0.05272257111193203,0.6692346441884676,0.0471,0.0,False
BVB,Vietcapital Bank,2015,17.183465791186297,0.14510001,reported,0.0,0.0019419494305945226,,0.2223631908424889,0.09574375458666283,0.7771748111583179,0.008786,0.0,False
BVB,Vietcapital Bank,2016,17.293201186178546,0.12218433,reported,0.0,8.745362026719572e-05,,0.19731895889498696,0.1017475399206115,0.8805930478112669,0.032436,0.0,False
BVB,Vietcapital Bank,2017,17.50190983899006,0.10795552,reported,0.0,0.0009277622206187407,,0.1332557576008884,0.11589192439216865,0.8365635678271495,0.035203,0.0,False
BVB,Vietcapital Bank,2018,17.65607223348155,0.09737546,reported,0.0,0.0021822843125585798,,0.15114674907355918,0.13473824067510262,0.7416429308215079,0.035394,0.0,False
BVB,Vietcapital Bank,2019,17.76306822215583,0.0998744,reported,0.0,0.0025631481451885074,,0.1732393641830696,0.09791300523344795,0.7618940789858709,0.0273,0.0,False
BVB,Vietcapital Bank,2020,17.928047972096977,0.08848909,reported,0.0,0.002849272155025728,,0.21978018873454905,0.24501306987811572,0.6126781702311895,0.0396,0.0,False
BVB,Vietcapital Bank,2021,18.1529502027427,0.08474882,reported,0.0,0.0036164909563418785,,0.17217669236915817,0.21371549563115338,0.6065989920930943,0.0184,0.0,False
BVB,Vietcapital Bank,2022,18.185812438050935,0.08147462,reported,0.0,0.00467991515224151,,0.10607551070863398,0.11701468466617082,0.6451144823960301,0.0315,0.0,False
BVB,Vietcapital Bank,2023,18.291528059349748,0.04662368,reported,0.0,0.0006776579882127905,,0.1574999031358901,0.15755517265742697,0.801644524670719,0.03252893,1.0,False
BVB,Vietcapital Bank,2024,18.455082170669698,0.1086,reported,0.0,,,,,,0.0363,0.0,False
CTG,VIETINBANK,2014,20.30956692391114,0.10331227,reported,0.0,0.008662855414398063,,0.15066198910893458,0.18652201291325848,0.466200708271596,0.0471,0.0,False
CTG,VIETINBANK,2015,20.474163246462105,0.08497681,reported,0.0,0.007936250433816894,,0.17169011238361925,0.2057250204054857,0.47131162821618333,0.008786,0.0,False
CTG,VIETINBANK,2016,20.670497771407756,0.07576659,reported,0.0,0.007829652219200277,,0.1539111241521853,0.1918963338290754,0.48741578280617825,0.032436,1.0,False
CTG,VIETINBANK,2017,20.814020200214877,0.06944985,reported,0.0,0.007299767077706009,,0.17004608448918052,0.25579192240165033,0.4619815303366178,0.035203,1.0,False
CTG,VIETINBANK,2018,20.875128186255658,0.07046176,reported,0.0,0.004795421868083223,,0.21643315526666748,0.2697227698338426,0.49607793547801604,0.035394,1.0,False
CTG,VIETINBANK,2019,20.93918334316888,0.07508549,reported,0.0,0.007881071933471933,,0.1806629054053287,0.3209212252130375,0.3883292308526097,0.0273,1.0,False
CTG,VIETINBANK,2020,21.016681441245954,0.07618866,reported,0.0,0.010656261812548412,,0.2148534049831683,0.26804776722353696,0.35494834063199604,0.0396,1.0,False
CTG,VIETINBANK,2021,21.14983990826481,0.07283891,reported,0.0,0.009895817612252002,,0.21386168709861075,0.3458011786751275,0.32330584827119974,0.0184,1.0,False
CTG,VIETINBANK,2022,21.315487098916396,0.07570047,reported,0.0,0.010080834730538921,,0.25460975917502915,0.37686251426890566,0.2964509552816903,0.0315,1.0,False
CTG,VIETINBANK,2023,21.432778371592622,0.07721209,reported,0.0,0.010437189273626659,,0.2493429418043687,0.3559999186371467,0.2897807334889575,0.03252893,1.0,False
CTG,VIETINBANK,2024,21.592464961286716,0.0914,reported,0.0,,,,,,0.0363,0.0,False
EIB,Eximbank,2014,18.897535848147204,0.13027716,reported,0.0,0.00034813159528243327,,0.07902884294849903,0.2804469486363153,0.6961753079296276,0.0471,0.0,False
EIB,Eximbank,2015,18.642223013899603,0.12533368,reported,0.0,0.0002797761455054215,,0.1057211432548035,0.37742826889665454,0.6065632581040559,0.008786,0.0,False
EIB,Eximbank,2016,18.673771371634526,0.12466371,reported,0.0,0.002436372239747634,,0.17479162817845678,0.2915909620312136,0.6038201723736315,0.032436,0.0,False
EIB,Eximbank,2017,18.822137830662992,0.11713401,reported,0.0,0.005915384615384616,,0.3031184442494599,0.15792601423689268,0.5762642353906761,0.035203,0.0,False
EIB,Eximbank,2018,18.843985770188862,0.12625265,reported,0.0,0.0043733200926845415,,0.2796048951630186,0.16253697003624332,0.6516574571983238,0.035394,0.0,False
EIB,Eximbank,2019,18.936493909229394,0.12428197,reported,0.0,0.005409943785134291,,0.28217582107969885,0.15386684938639694,0.6020005848933462,0.0273,0.0,False
EIB,Eximbank,2020,18.893181253396687,0.14568021,reported,0.0,0.006527483989021043,,0.25460102344189867,0.15012123258413343,0.5485628781980872,0.0396,0.0,False
EIB,Eximbank,2021,18.92629280066547,0.13766617,reported,0.0,0.005919294911097486,,0.2516371158731281,0.2102464693103017,0.5338655087996239,0.0184,0.0,False
EIB,Eximbank,2022,19.036406777543725,0.14097745,reported,0.0,0.016789695069820462,,0.23272212857596633,0.014213649301975216,0.4768630631038554,0.0315,0.0,False
EIB,Eximbank,2023,19.120803538248737,0.15384199,reported,0.0,0.011203617076326002,,0.2986695465773117,0.10593694759271517,0.47915911816517676,0.03252893,0.0,False
EIB,Eximbank,2024,19.295315800557688,0.1229,reported,0.0,,,,,,0.0363,0.0,False
HDB,HDBank,2014,18.415915437895197,0.13203197,reported,0.0,0.004791548879627282,,0.4379982627425899,0.15746741262485245,0.6278878109797704,0.0471,0.0,False
HDB,HDBank,2015,18.483655543113755,0.12541247,reported,0.0,0.006116851976169079,,0.21485724490198388,0.22615559992324513,0.5830620981228208,0.008786,0.0,False
HDB,HDBank,2016,18.8281438547232,0.08542364,reported,0.0,0.007122258566978193,,0.13660301360629845,0.18338197779125492,0.604808289650524,0.032436,0.0,False
HDB,HDBank,2017,19.05884361617955,0.0956774,reported,0.0,0.011510053003533569,,0.15434944541028767,0.13546289885221052,0.5425493207336868,0.035203,0.0,False
HDB,HDBank,2018,19.191251821477113,0.10061777,reported,0.0,0.015794331524420325,,0.19010535091106215,0.10532135708879592,0.47047552766818623,0.035394,0.0,False
HDB,HDBank,2019,19.251413587464874,0.10981445,reported,0.0,0.018044587073608617,,0.14413722599637444,0.11319672974716868,0.44612727024299637,0.0273,0.0,False
HDB,HDBank,2020,19.58101509124847,0.09991275,reported,0.0,0.01694165876777251,,0.13656075158379136,0.12978645350843485,0.447974027962685,0.0396,0.0,False
HDB,HDBank,2021,19.741369347974263,0.11091773,reported,0.0,0.01860602277641632,,0.17110789345781732,0.13759555371102403,0.3808732955031986,0.0184,0.0,False
HDB,HDBank,2022,19.846916712165203,0.12518992,reported,0.0,0.02075981792894171,,0.18006633919518933,0.13967881246431027,0.392892435889592,0.0315,0.0,False
HDB,HDBank,2023,20.21626621801395,0.1153758,reported,0.0,0.02029454741802474,,0.16013331725580887,0.16157347980791018,0.34562394455752765,0.03252893,0.0,False
HDB,HDBank,2024,20.36272629219124,0.144,reported,0.0,,,,,,0.0363,0.0,False
KLB,Ngân hàng Kiên Long,2014,16.955513117760972,0.20418332,reported,0.0,0.007613987337043929,,0.009731546554845375,0.05301072840625963,0.6554021935904042,0.0471,0.0,False
KLB,Ngân hàng Kiên Long,2015,17.047193539959796,0.17219329,reported,0.0,0.0068242035441832645,,0.03141860623944647,0.0773148289886746,0.6734511482003952,0.008786,0.0,False
KLB,Ngân hàng Kiên Long,2016,17.231629655020548,0.14927852,reported,0.0,0.004338639354073098,,0.15065516104804155,0.0994537172622103,0.7366765908931263,0.032436,0.0,False
KLB,Ngân hàng Kiên Long,2017,17.435222259228976,0.13263204,reported,0.0,0.005951593628434131,,0.07587428159772311,0.06100053763727051,0.715255413191099,0.035203,0.0,False
KLB,Ngân hàng Kiên Long,2018,17.560529366575743,0.1218049,reported,0.0,0.005823678477114445,,0.22392891999598777,0.029967472348311763,0.7391053064811705,0.035394,0.0,False
KLB,Ngân hàng Kiên Long,2019,17.74933656116186,0.11112229,reported,0.0,0.0014489370757420647,,0.16206978830387866,0.06259264771048438,0.8659737331529778,0.0273,0.0,False
KLB,Ngân hàng Kiên Long,2020,17.863496769260816,0.10360232,reported,0.0,0.0023309321325964134,,0.2327029078095318,-0.0019415473407246402,0.8744842009606228,0.0396,0.0,False
KLB,Ngân hàng Kiên Long,2021,18.244211882673984,0.10373765,reported,0.0,0.010917768554115664,,0.1672815513465004,0.035209928314005615,0.5292296267610462,0.0184,0.0,False
KLB,Ngân hàng Kiên Long,2022,18.267065365825584,0.09996905,reported,0.0,0.006421894444885757,,0.44168894392406777,0.18076645500402178,0.5583110560759322,0.0315,0.0,False
KLB,Ngân hàng Kiên Long,2023,18.281103707481055,0.10556817,reported,0.0,0.0066459185110217325,,0.26750177184909163,0.1502010491646792,0.59151618528438,0.03252893,0.0,False
KLB,Ngân hàng Kiên Long,2024,18.339213258431414,0.1002,reported,0.0,,,,,,0.0363,0.0,False
LPB,LienViet Post Bank,2014,18.428648913601542,0.095501,reported,0.0,0.004627609126984127,,-0.08420088644468476,-0.023486761305955933,0.639369881231557,0.0471,0.0,False
LPB,LienViet Post Bank,2015,18.493931205691958,0.08641403,reported,0.0,0.0033574760076775434,,-0.16338927918646237,0.0541732674680217,0.6284737366156651,0.008786,0.0,False
LPB,LienViet Post Bank,2016,18.770633142130272,0.07420836,reported,0.0,0.008519326653306613,,-0.039292083855828726,0.07018592872022099,0.5247092644082813,0.032436,1.0,False
LPB,LienViet Post Bank,2017,18.911711740390178,0.07131192,reported,0.0,0.008962240419259745,,-0.024286730512589876,0.09061731443431296,0.5512729011485603,0.035203,1.0,False
LPB,LienViet Post Bank,2018,18.98086779725608,0.0663684,reported,0.0,0.005671805022156573,,-0.027941907327575163,0.10704742035210972,0.6246751423573788,0.035394,1.0,False
LPB,LienViet Post Bank,2019,19.124273182373848,0.07232976,reported,0.0,0.008485031813361611,,0.06850265000357329,0.19948206396740537,0.6197066207440297,0.0273,1.0,False
LPB,LienViet Post Bank,2020,19.305687185786756,0.06831952,reported,0.0,0.00837942394239424,,0.13523399432202912,0.22948825942731813,0.5977474705594559,0.0396,1.0,False
LPB,LienViet Post Bank,2021,19.482629048248885,0.06857311,reported,0.0,0.010811845719661336,,0.10283175611144668,0.13155814491921897,0.5064748297355535,0.0184,1.0,False
LPB,LienViet Post Bank,2022,19.607609113669042,0.08794452,reported,0.0,0.01462231479980548,,0.1602182196283483,0.2239708782679505,0.3745078707164578,0.0315,0.0,False
LPB,LienViet Post Bank,2023,19.763284416447522,0.10670151,reported,0.0,0.01568321418519561,,0.28301373957180354,0.18086302955366312,0.368624612447565,0.03252893,0.0,False
LPB,LienViet Post Bank,2024,20.04658238241713,0.1126,reported,0.0,,,,,,0.0363,0.0,False
MBB,MBBank,2014,19.1163248047109,0.10281524,reported,0.0,0.012483730673316708,,0.21269319041591353,0.24301378553599148,0.37489362752267846,0.0471,0.0,False
MBB,MBBank,2015,19.213673259482025,0.13173497,reported,0.0,0.01191997153024911,,0.16568169972461966,0.23963744096468392,0.393203477298108,0.008786,0.0,False
MBB,MBBank,2016,19.3618591913343,0.12434083,reported,0.0,0.01208276136601718,,0.19039523377996354,0.20598989970632214,0.4235937876223053,0.032436,0.0,False
MBB,MBBank,2017,19.56458502181218,0.11904981,reported,0.0,0.012242774465099965,,0.19096484363394273,0.2345203127176919,0.4326246571375249,0.035203,0.0,False
MBB,MBBank,2018,19.707983155865307,0.11392069,reported,0.0,0.018307900029577048,,0.25352801309012235,0.15536960109104145,0.4470490536129615,0.035394,0.0,False
MBB,MBBank,2019,19.8353195780814,0.11911748,reported,0.0,0.02085449470147325,,0.2697903096933573,0.19839894999068577,0.39446366248597187,0.0273,0.0,False
MBB,MBBank,2020,20.020068320532964,0.08017486,reported,0.0,0.018987399889685605,,0.25891138105149764,0.22360943335896605,0.3857682282763142,0.0396,0.0,False
MBB,MBBank,2021,20.224204080100662,0.1269394,reported,0.0,0.023993171218582705,,0.29064816313463904,0.21741329745432034,0.3351118512562429,0.0184,0.0,False
MBB,MBBank,2022,20.406498183599535,0.1298439,reported,0.0,0.027186560347409405,,0.20989146819249824,0.1765126925681511,0.32495667884882695,0.0315,0.0,False
MBB,MBBank,2023,20.666695485458018,0.12201617,reported,0.0,0.025161388706304154,,0.182264463273227,0.1286734034213205,0.3152437630509172,0.03252893,0.0,False
MBB,MBBank,2024,20.844598122113936,0.1128,reported,0.0,,,,,,0.0363,0.0,False
MSB,MaritimeBank,2014,18.463740233412814,0.14438054,reported,0.0,0.0013673946360153258,,0.4978646212676875,0.3091793042003199,0.6214855046725852,0.0471,0.0,False
MSB,MaritimeBank,2015,18.462781919971,0.17575403,reported,0.0,0.0011142692860565404,,0.3636367281877513,0.21126427332604839,0.7253638632968752,0.008786,0.0,False
MSB,MaritimeBank,2016,18.343863002148396,0.19949976,reported,0.0,0.0014220399390648918,,0.4079088923192817,0.4582470003703457,0.49863860485055667,0.032436,0.0,False
MSB,MaritimeBank,2017,18.53579355105287,0.16811982,reported,0.0,0.001191684640354679,,0.506696534417194,0.3132600495743076,0.6361098024725571,0.035203,0.0,False
MSB,MaritimeBank,2018,18.74131391654383,0.15421954,reported,0.0,0.006946312,,0.384604896832347,0.15682310209049408,0.6199471598414795,0.035394,0.0,False
MSB,MaritimeBank,2019,18.87175636331258,0.13577743,reported,0.0,0.0070797829036635005,,0.3505823987933374,0.19620737732001967,0.5306685635294203,0.0273,0.0,False
MSB,MaritimeBank,2020,18.989963937289925,0.12476752,reported,0.0,0.012053605034462091,,0.32858998563170383,0.14942526815250443,0.4992595872177855,0.0396,0.0,False
MSB,MaritimeBank,2021,19.132158881197036,0.14876779,reported,0.0,0.021213144058885382,,0.4129106607121371,0.14807613955177829,0.3713471037023899,0.0184,0.0,False
MSB,MaritimeBank,2022,19.175863315431762,0.17677518,reported,0.0,0.022166689075630252,,0.22180244133120197,0.0447467353128588,0.4140732174928841,0.0315,0.0,False
MSB,MaritimeBank,2023,19.402759216364522,0.16947905,reported,0.0,0.019358957899124635,,0.25046702472235266,0.13188251198895962,0.39255535551183796,0.03252893,0.0,False
MSB,MaritimeBank,2024,19.58445635852689,0.1152,reported,0.0,,,,,,0.0363,0.0,False
NAB,Ngân hàng Nam Á,2014,17.43431636033005,0.17667222,reported,0.0,0.005018769471144268,,0.1295704845112333,0.09905869232624344,0.5915793986706597,0.0471,0.0,False
NAB,Ngân hàng Nam Á,2015,17.38419683999995,0.13479347,reported,0.0,0.005340271221195737,,0.09666433102227467,0.22460447706151349,0.5426039976397699,0.008786,0.0,False
NAB,Ngân hàng Nam Á,2016,17.5732536585493,0.10311611,reported,0.0,0.0008391813391891914,,0.12239519860022846,0.36827897630244844,0.5971439159220193,0.032436,0.0,False
NAB,Ngân hàng Nam Á,2017,17.812607531483536,0.07975468,reported,0.0,0.00491806657077955,,0.29533080634045483,0.30935086385132726,0.511725563820433,0.035203,1.0,False
NAB,Ngân hàng Nam Á,2018,18.133785082198617,0.07135929,reported,0.0,0.009131723482651788,,0.04989700708145905,-0.056307620362535074,0.6426863893466352,0.035394,1.0,False
NAB,Ngân hàng Nam Á,2019,18.36609186719908,0.06660753,reported,0.0,0.00862213080063494,,0.1135085093467172,-0.004923657358540145,0.6300148455852328,0.0273,1.0,False
NAB,Ngân hàng Nam Á,2020,18.715586661493465,0.06060408,reported,0.0,0.00698434828967799,,0.18485699009286066,0.1747426172278041,0.5104984748615105,0.0396,1.0,False
NAB,Ngân hàng Nam Á,2021,18.847254815270766,0.06445727,reported,0.0,0.012515415652173912,,0.1111270444939832,0.16183954340966,0.46480235019011457,0.0184,1.0,False
NAB,Ngân hàng Nam Á,2022,18.995044388522345,0.08781267,reported,0.0,0.010930326481257557,,0.14299951450621934,0.1445420454355214,0.4757718514054208,0.0315,0.0,False
NAB,Ngân hàng Nam Á,2023,19.16214178479086,0.0929011,reported,0.0,0.013530936774193548,,0.1304126743754195,0.11090797990793294,0.4568757979077239,0.03252893,0.0,False
NAB,Ngân hàng Nam Á,2024,19.31717684849834,0.0946,reported,0.0,,,,,,0.0363,0.0,False
NVB,Ngân hàng Quốc Dân,2014,17.422015205925707,0.14229671,reported,0.0,0.00022081018443676937,,0.09508589030092875,0.07444027011101918,0.9108651720443233,0.0471,0.0,False
NVB,Ngân hàng Quốc Dân,2015,17.69149183351312,0.10332439,reported,0.0,0.00015258548163718955,,0.004927888221199311,0.13554823082551912,0.8547042549666931,0.008786,0.0,False
NVB,Ngân hàng Quốc Dân,2016,18.049776586068866,0.07168853,reported,0.0,0.00018490117067398174,,0.11302741909059769,0.18394322565271137,0.803446561815826,0.032436,1.0,False
NVB,Ngân hàng Quốc Dân,2017,18.089973780161614,0.06714086,reported,0.0,0.0003117443916928348,,0.0879035851930206,0.19173265556975724,0.7831744212809928,0.035203,1.0,False
NVB,Ngân hàng Quốc Dân,2018,18.09802302595117,0.06202407,reported,0.0,0.0005024131636241557,,0.1983992052397965,0.1113914267530598,0.8168530339039409,0.035394,1.0,False
NVB,Ngân hàng Quốc Dân,2019,18.202450378151024,0.08389573,reported,0.0,0.0005646260312519762,,0.06714586777624862,0.26101777355090117,0.6946582712522015,0.0273,0.0,False
NVB,Ngân hàng Quốc Dân,2020,18.310879717135112,0.07922696,reported,0.0,1.4259220942287203e-05,,0.13365032693363982,0.5127175101198062,0.485023774520023,0.0396,1.0,False
NVB,Ngân hàng Quốc Dân,2021,18.116634641446776,0.08250183,reported,0.0,1.7137548874529732e-05,,0.2601998581757786,0.44016269247467993,0.5584801660530154,0.0184,0.0,False
NVB,Ngân hàng Quốc Dân,2022,18.31362147511894,0.0979149,reported,0.0,9.778162401795852e-08,,0.3030806420971224,0.2304236219459474,0.7686504202711456,0.0315,0.0,False
NVB,Ngân hàng Quốc Dân,2023,18.382454325923817,0.07488574,reported,0.0,-0.007195784261477206,,0.3642109039535453,0.20433788684450574,1.7224745255523173,0.03252893,1.0,False
NVB,Ngân hàng Quốc Dân,2024,18.59042351853946,0.0983,reported,0.0,,,,,,0.0363,0.0,False
OCB,Ngân hàng Phương Đông,2014,17.481502863032212,0.12845588,reported,0.0,0.005641373630445149,,0.13042106974212744,0.2444366988235732,0.5280099891552322,0.0471,0.0,False
OCB,Ngân hàng Phương Đông,2015,17.71641576911896,0.10798846,reported,0.0,0.004731624842871357,,0.06796306177237951,0.25503356174647124,0.5578189136161399,0.008786,0.0,False
OCB,Ngân hàng Phương Đông,2016,17.97150020938411,0.0892238,reported,0.0,0.006832212988266164,,0.10700957797131125,0.17706556597787582,0.5627439930654885,0.032436,0.0,False
OCB,Ngân hàng Phương Đông,2017,18.249894427715034,0.09557038,reported,0.0,0.011028789559471243,,0.11846289120222922,0.09399463619959506,0.5308572718778625,0.035203,0.0,False
OCB,Ngân hàng Phương Đông,2018,18.420321759525166,0.10975467,reported,0.0,0.019114187824914104,,0.3150116624469209,0.18828791292039632,0.37275313490560397,0.035394,0.0,False
OCB,Ngân hàng Phương Đông,2019,18.587888662936273,0.12340828,reported,0.0,0.02367241819630569,,0.3798476490945168,0.14105130471783964,0.37035822846405814,0.0273,0.0,False
OCB,Ngân hàng Phương Đông,2020,18.84267515401174,0.14304026,reported,0.0,0.0261157886959734,,0.3782860741355123,0.1576762724253379,0.2907971641111727,0.0396,0.0,False
OCB,Ngân hàng Phương Đông,2021,19.033160021444857,0.15366134,reported,0.0,0.02614218991097923,,0.3535725869934062,0.11185781878615604,0.26941168068313215,0.0184,0.0,False
OCB,Ngân hàng Phương Đông,2022,19.083368717027604,0.16246663,reported,0.0,0.018545405548216643,,0.18585279245933503,0.12508960199663188,0.36055269241915255,0.0315,0.0,False
OCB,Ngân hàng Phương Đông,2023,19.29656606119148,0.15425032,reported,0.0,0.01521908776779544,,0.2430720664407655,0.18205436105349587,0.3548198632666553,0.03252893,0.0,False
OCB,Ngân hàng Phương Đông,2024,19.45279704133211,0.1234,reported,0.0,,,,,,0.0363,0.0,False
PGB,PG Bank,2014,17.06508480730252,0.18820473,reported,0.0,0.005083523789300914,,0.1255806829684087,0.13812396782270522,0.6383836769484844,0.0471,0.0,False
PGB,PG Bank,2015,17.021561048715203,0.17023222,reported,0.0,0.0016174146826438023,,0.12346133163536938,0.28129038126603545,0.6487903344471763,0.008786,0.0,False
PGB,PG Bank,2016,17.027342956036797,0.16181671,reported,0.0,0.004954031078326812,,0.1038844047740251,0.2622131093667238,0.5402790647323471,0.032436,0.0,False
PGB,PG Bank,2017,17.19302848112208,0.14184335,reported,0.0,0.002383666946316258,,0.2301944623183209,0.4525672071399451,0.4684552550015473,0.035203,0.0,False
PGB,PG Bank,2018,17.21335592790708,0.14347454,reported,0.0,0.004288047706823907,,0.29175479925818254,0.4335329891567674,0.4340484186256328,0.035394,0.0,False
PGB,PG Bank,2019,17.26784721548707,0.14089035,reported,0.0,0.002427737706074332,,0.2384918056136665,0.48608512191430836,0.5,0.0273,0.0,False
PGB,PG Bank,2020,17.40327090558088,0.1411025,reported,0.0,0.005005618209042145,,0.21055785289517048,0.2446672496141747,0.5705015206568959,0.0396,0.0,False
PGB,PG Bank,2021,17.517332199495396,0.1376268,reported,0.0,0.006739697269482262,,0.36689093678807677,0.1528379148025142,0.5698576839678313,0.0184,0.0,False
PGB,PG Bank,2022,17.707149962163562,0.14311102,reported,0.0,0.0090197101536641,,0.1993118008099341,0.17190622971774042,0.4934980988844716,0.0315,0.0,False
PGB,PG Bank,2023,17.831733529873492,0.12827704,reported,0.0,0.005357751897678701,,0.06610547769237946,0.16794692386631932,0.579997416521346,0.03252893,0.0,False
PGB,PG Bank,2024,18.10884945224531,0.1235,reported,0.0,,,,,,0.0363,0.0,False
SHB,SHB,2014,18.945409272887346,0.08968228,reported,0.0,0.004678976331360947,,0.16312977518724675,0.1905337894529052,0.49867575713014295,0.0471,0.0,False
SHB,SHB,2015,19.137056050631518,0.07623155,reported,0.0,0.004255584693604496,,0.06137050449233332,0.21385588980705061,0.5278656718692069,0.008786,1.0,False
SHB,SHB,2016,19.27040423155441,0.07363289,reported,0.0,0.004163524851801185,,0.1592117050947915,0.26215946441793186,0.5049744155940131,0.032436,1.0,False
SHB,SHB,2017,19.471502368784126,0.06774363,reported,0.0,0.005920861704173879,,0.25658120283365393,0.2526216010628372,0.4489806830700522,0.035203,1.0,False
SHB,SHB,2018,19.59409124269566,0.06228814,reported,0.0,0.005489312325619563,,0.17589433580524894,0.21138341984667153,0.478035846855446,0.035394,1.0,False
SHB,SHB,2019,19.71622949176551,0.06522018,reported,0.0,0.007022625617194307,,0.16600181317869056,0.256785041616626,0.4208879378031994,0.0273,1.0,False
SHB,SHB,2020,19.83823149472281,0.07262317,reported,0.0,0.006701830334190232,,0.18629765148400426,0.38011516119183664,0.3521786069134561,0.0396,1.0,False
SHB,SHB,2021,20.043232295531848,0.09276838,reported,0.0,0.010893421081257479,,0.14227215551706057,0.4124402344557803,0.24271121198689938,0.0184,0.0,False
SHB,SHB,2022,20.127063862442945,0.10424414,reported,0.0,0.014617339007092198,,0.09259602227022393,0.27196245774904293,0.22706153182914912,0.0315,0.0,False
SHB,SHB,2023,20.26202371336925,0.10847521,reported,0.0,0.012400132046724225,,0.09578985237380944,0.3299749624878044,0.23684569449827853,0.03252893,0.0,False
SHB,SHB,2024,20.431843444878908,0.1186,reported,0.0,,,,,,0.0363,0.0,False
STB,Sài Gòn Thương tín,2014,19.061481444140103,0.11818676,reported,0.0,0.011625036880927291,,0.20423449309823835,0.11668457484876638,0.5407139206699858,0.0471,0.0,False
STB,Sài Gòn Thương tín,2015,19.492264360232557,0.0986033,reported,0.0,0.002689576587795766,,0.20673998240499494,0.2721789478611645,0.6218752096223348,0.008786,0.0,False
STB,Sài Gòn Thương tín,2016,19.62064552688076,0.084708,reported,0.0,0.0002840032051282051,,0.38428785096591095,0.10661964176359007,0.8695538254286995,0.032436,0.0,False
STB,Sài Gòn Thương tín,2017,19.724951269593664,0.07915603,reported,0.0,0.0033734760885082084,,0.3894898329563649,0.0944548277523728,0.732988243535263,0.035203,1.0,False
STB,Sài Gòn Thương tín,2018,19.821863717566007,0.07492572,reported,0.0,0.004622739832149774,,0.3462501932227935,0.1363469095272004,0.6712232276706174,0.035394,1.0,False
STB,Sài Gòn Thương tín,2019,19.932726310377817,0.07253739,reported,0.0,0.0057116426244765,,0.3727040673744604,0.1471021031424078,0.6331048179413417,0.0273,1.0,False
STB,Sài Gòn Thương tín,2020,20.015005018576417,0.07060168,reported,0.0,0.005669550787443188,,0.33260138792089733,0.17584372853502622,0.6308087334806373,0.0396,1.0,False
STB,Sài Gòn Thương tín,2021,20.071452519879443,0.07600655,reported,0.0,0.006731444356748224,,0.324205107714689,0.20076318109306335,0.5507083950202654,0.0184,1.0,False
STB,Sài Gòn Thương tín,2022,20.198848259660952,0.07696352,reported,0.0,0.00905785265049416,,0.3440593788600333,0.33974991287729106,0.4177573868772352,0.0315,1.0,False
STB,Sài Gòn Thương tín,2023,20.32933396465192,0.08316948,reported,0.0,0.012190817341862118,,0.15667582151705817,0.1409125224453541,0.4924884645484618,0.03252893,0.0,False
STB,Sài Gòn Thương tín,2024,20.433047216842635,0.0993,reported,0.0,,,,,,0.0363,0.0,False
TCB,Techcombank,2014,18.985426209707786,0.1082057,reported,0.0,0.006150415008527572,,0.18768940587906843,0.31779182577135756,0.48280839104630846,0.0471,0.0,False
TCB,Techcombank,2015,19.073005929992057,0.1033365,reported,0.0,0.00831306333242729,,0.22855043406733475,0.3878378097809254,0.3941380415246584,0.008786,0.0,False
TCB,Techcombank,2016,19.27679675279045,0.09958734,reported,0.0,0.014734890032756201,,0.31685475444271477,0.3071713369365149,0.35750423325446024,0.032436,0.0,False
TCB,Techcombank,2017,19.41170782194054,0.12324565,reported,0.0,0.02553722266244057,,0.4535904305276262,0.22083142690264435,0.28746566130312606,0.035203,0.0,False
TCB,Techcombank,2018,19.58695168109429,0.20479839,reported,0.0,0.02870595189701897,,0.39364165258111167,0.10061407860851429,0.3183967775505391,0.035394,0.0,False
TCB,Techcombank,2019,19.765371555217182,0.20341444,reported,0.0,0.029022872144174826,,0.323251097806665,0.04354289378585537,0.3470884123875168,0.0273,0.0,False
TCB,Techcombank,2020,19.90137578049374,0.20207572,reported,0.0,0.030565934653224828,,0.306602903885532,0.09655292556619896,0.3191711824553668,0.0396,0.0,False
TCB,Techcombank,2021,20.158863612277027,0.20797701,reported,0.0,0.03652758504413369,,0.2799006513353776,0.07186811107939572,0.3013622640948632,0.0184,0.0,False
TCB,Techcombank,2022,20.365161300198086,0.21752626,reported,0.0,0.03224173858168336,,0.2594563650552735,0.04733974409125404,0.3275632437274584,0.0315,0.0,False
TCB,Techcombank,2023,20.560158499076262,0.21059021,reported,0.0,0.023494822085889572,,0.30877770381296643,0.09787721213390788,0.3307896849142305,0.03252893,0.0,False
TCB,Techcombank,2024,20.70183788953279,0.15,reported,0.0,,,,,,0.0363,0.0,False
TPB,Ngân hàng Tiên Phong,2014,17.756656464817762,0.12594491,reported,0.0,0.010409915342523255,,0.1496361616816026,-0.043097840765697504,0.5777139368443723,0.0471,0.0,False
TPB,Ngân hàng Tiên Phong,2015,18.149145395360097,0.09683198,reported,0.0,0.008804496282216244,,0.0979306504597733,0.08665445405578492,0.5110476118215844,0.008786,0.0,False
TPB,Ngân hàng Tiên Phong,2016,18.477061077388473,0.07464233,reported,0.0,0.006210398970043177,,0.08144261357853318,0.11769202616870193,0.5762900819233693,0.032436,1.0,False
TPB,Ngân hàng Tiên Phong,2017,18.636598250174835,0.07568858,reported,0.0,0.008382853414528055,,0.12114548306436555,0.1281016897127372,0.5378809915212401,0.035203,1.0,False
TPB,Ngân hàng Tiên Phong,2018,18.729634951679685,0.1049628,reported,0.0,0.013870441797925471,,0.22197750053316273,0.09282931684083316,0.5059159735551291,0.035394,0.0,False
TPB,Ngân hàng Tiên Phong,2019,18.917813040586353,0.10849415,reported,0.0,0.020584444444444443,,0.33486668517236573,0.15325044810987426,0.3900276794408335,0.0273,0.0,False
TPB,Ngân hàng Tiên Phong,2020,19.14484197804148,0.10076076,reported,0.0,0.018938165632586997,,0.26522151346648226,0.17198770318488746,0.40478508010607195,0.0396,0.0,False
TPB,Ngân hàng Tiên Phong,2021,19.49500034005143,0.12873346,reported,0.0,0.01935154878781807,,0.26420442439852376,0.21516625080784718,0.3381340564699978,0.0184,0.0,False
TPB,Ngân hàng Tiên Phong,2022,19.610351763567444,0.13804656,reported,0.0,0.020150447376890892,,0.27089330864856664,0.11805223078237703,0.3806867548314873,0.0315,0.0,False
TPB,Ngân hàng Tiên Phong,2023,19.692125263393315,0.12221067,reported,0.0,0.013027802101576181,,0.23458680819082284,0.24304514750082173,0.4127383935104775,0.03252893,0.0,False
TPB,Ngân hàng Tiên Phong,2024,19.85099199048903,0.1339,reported,0.0,,,,,,0.0363,0.0,False
VCB,Vietcombank,2014,20.173352824472374,0.10911564,reported,0.0,0.007945875216637782,,0.3199840812142708,0.2656281041661098,0.39634577203970234,0.0471,0.0,False
VCB,Vietcombank,2015,20.32933396465192,0.0904132,reported,0.0,0.008521762825635288,,0.2711451769866488,0.2862064475006529,0.3917709899778778,0.008786,0.0,False
VCB,Vietcombank,2016,20.484881736215918,0.0812091,reported,0.0,0.009370171647404774,,0.25530602703448346,0.2574839531388567,0.39994333517473246,0.032436,0.0,False
VCB,Vietcombank,2017,20.757667263663745,0.0774625,reported,0.0,0.009995707937901147,,0.25398028526101757,0.21078655698927445,0.40353316236439346,0.035203,1.0,False
VCB,Vietcombank,2018,20.794655833033083,0.08012801,reported,0.0,0.013866346135609293,,0.2767401062883515,0.18835050806760778,0.3465284282973196,0.035394,0.0,False
VCB,Vietcombank,2019,20.924572693651445,0.09026258,reported,0.0,0.016130594688724423,,0.24388664069953844,0.14848835394570625,0.34588767148036664,0.0273,0.0,False
VCB,Vietcombank,2020,21.005432728710083,0.09585198,reported,0.0,0.014493933307179286,,0.2604240575309787,0.2033064288292773,0.3268939943408149,0.0396,0.0,False
VCB,Vietcombank,2021,21.070395368041613,0.0982575,reported,0.0,0.01600805910251733,,0.2525220512834797,0.2023532405021976,0.3098216192990254,0.0184,0.0,False
VCB,Vietcombank,2022,21.318800188639354,0.10275041,reported,0.0,0.018531467327345928,,0.21791610250697455,0.13901036797520477,0.31212737204294166,0.0315,0.0,False
VCB,Vietcombank,2023,21.333031408567305,0.11852862,reported,0.0,0.018092199233716477,,0.20823792203653144,0.06740464626572103,0.32359389719326515,0.03252893,0.0,False
VCB,Vietcombank,2024,21.458034692197177,0.0931,reported,0.0,,,,,,0.0363,0.0,False
VIB,Ngân hàng Quốc tế,2014,18.205765236751166,0.13031305,reported,0.0,0.006479838654038318,,0.3392405063291139,0.3423580181984539,0.4708007751993833,0.0471,0.0,False
VIB,Ngân hàng Quốc tế,2015,18.2499971861675,0.11695052,reported,0.0,0.006317108081927557,,0.1998122517669669,0.17377669225163042,0.6025830743261118,0.008786,0.0,False
VIB,Ngân hàng Quốc tế,2016,18.46469762936914,0.09934548,reported,0.0,0.005950272495727319,,0.2277975907468779,0.17822174902402874,0.6153031002028538,0.032436,0.0,False
VIB,Ngân hàng Quốc tế,2017,18.629319609063693,0.08396287,reported,0.0,0.009875090030742205,,0.15490692907771242,0.08556993560522141,0.5708469720466898,0.035203,0.0,False
VIB,Ngân hàng Quốc tế,2018,18.751422305864594,0.08606165,reported,0.0,0.016721958841463415,,0.2070862649658474,0.10737945697284469,0.44196784862005206,0.035394,0.0,False
VIB,Ngân hàng Quốc tế,2019,19.033160021444857,0.08616375,reported,0.0,0.02018166203274637,,0.23783703353327407,0.07761514175151821,0.42162235365149664,0.0273,0.0,False
VIB,Ngân hàng Quốc tế,2020,19.3155435284129,0.08590982,reported,0.0,0.021632497670083878,,0.24246833448738953,0.08449322964600642,0.3980978491043745,0.0396,0.0,False
VIB,Ngân hàng Quốc tế,2021,19.550468650088924,0.09958241,reported,0.0,0.02313154095994226,,0.20648553012533893,0.10731706465350019,0.35470266645347165,0.0184,0.0,False
VIB,Ngân hàng Quốc tế,2022,19.6526577446879,0.12127562,reported,0.0,0.025965865399356126,,0.17140939020496251,0.07086169451736138,0.34318139303276507,0.0315,0.0,False
VIB,Ngân hàng Quốc tế,2023,19.831423785474566,0.11741083,reported,0.0,0.02275289756875249,,0.21659897187305355,0.21866864604501354,0.298312090800507,0.03252893,0.0,False
VIB,Ngân hàng Quốc tế,2024,20.016425329254464,0.1169,reported,0.0,,,,,,0.0363,0.0,False
VPB,VPBank,2014,18.91048700049428,0.06931365,reported,0.0,0.007681329656862745,,0.15626925013167628,0.15618951880710458,0.5872983853928386,0.0471,1.0,False
VPB,VPBank,2015,19.08285312021288,0.08105375,reported,0.0,0.013418471016521983,,0.14195506812314054,0.27163563080712905,0.4717654799383175,0.008786,0.0,False
VPB,VPBank,2016,19.248358817469917,0.085407,reported,0.0,0.018618618405488525,,0.1005646606506486,0.3150599240726725,0.3926380106164955,0.032436,0.0,False
VPB,VPBank,2017,19.44241198828452,0.12655093,reported,0.0,0.02542742597710225,,0.17628262440186923,0.31970865925485525,0.35542786126686743,0.035203,0.0,False
VPB,VPBank,2018,19.59409124269566,0.12649512,reported,0.0,0.024473691565463317,,0.20537081015866349,0.36200709754824606,0.3420845055778767,0.035394,0.0,False
VPB,VPBank,2019,19.748286108723576,0.13045404,reported,0.0,0.023583905781584584,,0.1563737278199346,0.37649389338715294,0.3395281584032966,0.0273,0.0,False
VPB,VPBank,2020,19.853381477886412,0.14522196,reported,0.0,0.026158653604621954,,0.17132353314162943,0.3745957342783361,0.2918552949682672,0.0396,0.0,False
VPB,VPBank,2021,20.120690354570854,0.20139183,reported,0.0,0.023752421357615894,,0.22465721513787068,0.4338177904911744,0.2419544044526734,0.0184,0.0,False
VPB,VPBank,2022,20.262816420505487,0.20069366,reported,0.0,0.02869790733197556,,0.29025736919034106,0.38862209825134963,0.2442290994966892,0.0315,0.0,False
VPB,VPBank,2023,20.521883777413713,0.21226986,reported,0.0,0.011727420958166505,,0.23250766071415935,0.5025056550642419,0.28028471061061183,0.03252893,0.0,False
VPB,VPBank,2024,20.644006155960778,0.143,reported,0.0,,,,,,0.0363,0.0,False
