bank_code,bank_name,year,total_assets,equity,regulatory_capital,risk_weighted_assets,car_reported,gross_loans,group_3_loans,group_4_loans,group_5_loans,bad_debts,total_deposits,profit_after_tax,total_operating_income,net_interest_income,credit_risk_provision_expense,operating_expenses,earning_assets,inflation,ownership_group
ABB,Ngân hàng An Bình,2014,67464850.0,5715376.0,,,0.13939074,25495490.0,,,,1030675.0,45102698.0,116973.0,1687133.0,1486473.0,429566.0,1106460.0,,0.0471,Private
ABB,Ngân hàng An Bình,2015,64374686.0,5790261.0,,,0.12543958,30530486.0,,,,656020.0,47529915.0,91279.0,1971634.0,1647256.0,663198.0,1190073.0,,0.008786,Private
ABB,Ngân hàng An Bình,2016,74171503.0,5842462.0,,,0.10684964,39209631.0,,,,997002.0,51524592.0,243914.0,2262144.0,1825950.0,657780.0,1299207.0,,0.032436,Private
ABB,Ngân hàng An Bình,2017,84503069.0,6118589.0,,,0.09404897,47142603.0,,,,1327024.0,57897880.0,488836.0,2706292.0,2181839.0,492783.0,1603068.0,,0.035203,Private
ABB,Ngân hàng An Bình,2018,89997891.0,6868745.0,,,0.09405442,51537029.0,,,,984230.0,62259884.0,714907.0,2912879.0,2038500.0,314472.0,1670432.0,,0.035394,Private
ABB,Ngân hàng An Bình,2019,102600000.0,7842779.0,,,0.10760884,56070111.0,,,,1312379.0,69574328.0,1000675.0,3638939.0,2478252.0,493975.0,1870980.0,,0.0273,Private
ABB,Ngân hàng An Bình,2020,116400000.0,8911349.0,,,0.1093264,62588033.0,,,,1323786.0,72508223.0,1117657.0,3774900.0,2381546.0,513380.0,1858323.0,,0.0396,Private
ABB,Ngân hàng An Bình,2021,120900000.0,11729061.0,,,0.12996795,68173079.0,,,,1616762.0,67839732.0,1559978.0,4535723.0,3064563.0,747051.0,1829863.0,,0.0184,Private
ABB,Ngân hàng An Bình,2022,130100000.0,13053393.0,,,0.13219878,80984119.0,,,,2365609.0,84124615.0,1356730.0,4485854.0,3765380.0,776913.0,2006536.0,,0.0315,Private
ABB,Ngân hàng An Bình,2023,162100000.0,13479217.0,,,0.11601662,96781614.0,,,,2857165.0,100000000.0,453502.0,4335614.0,2758206.0,1499348.0,2252222.0,,0.03252893,Private
ABB,Ngân hàng An Bình,2024,176700000.0,14049440.0,,,0.128,98738175.0,,,,,90719121.0,610773.0,,,,,,0.0363,Private
ACB,Ngân hàng Á Châu,2014,179600000.0,12397303.0,,,0.07981919,114700000.0,,,,2533248.0,154600000.0,951802.0,6056297.0,4765633.0,977289.0,3863607.0,,0.0471,Private
ACB,Ngân hàng Á Châu,2015,201500000.0,12787542.0,,,0.0745889,132500000.0,,,,1770693.0,174900000.0,1028232.0,6220289.0,5883527.0,884455.0,4021683.0,,0.008786,Private
ACB,Ngân hàng Á Châu,2016,233700000.0,14062716.0,,,0.06866294,161600000.0,,,,1420547.0,207100000.0,1325174.0,7562502.0,6891889.0,1217587.0,4677889.0,,0.032436,Private
ACB,Ngân hàng Á Châu,2017,284300000.0,16030847.0,,,0.06416617,196700000.0,,,,1389619.0,241400000.0,2118131.0,11438909.0,8457754.0,2565343.0,6217359.0,,0.035203,Private
ACB,Ngân hàng Á Châu,2018,329300000.0,21017899.0,,,0.07459331,228000000.0,,,,1674978.0,270000000.0,5137052.0,14033199.0,10362920.0,932411.0,6712217.0,,0.035394,Private
ACB,Ngân hàng Á Châu,2019,383500000.0,27765359.0,,,0.08607263,266200000.0,,,,1449352.0,308100000.0,6009937.0,16097353.0,12112160.0,273821.0,8307596.0,,0.0273,Private
ACB,Ngân hàng Á Châu,2020,444500000.0,35448163.0,,,0.09519457,308500000.0,,,,1840384.0,353200000.0,7682823.0,18161309.0,14582123.0,941153.0,7624268.0,,0.0396,Private
ACB,Ngân hàng Á Châu,2021,527800000.0,44900909.0,,,0.10795732,356100000.0,,,,2799364.0,379900000.0,9602746.0,23563997.0,18944792.0,3336109.0,15334221.0,,0.0184,Private
ACB,Ngân hàng Á Châu,2022,607900000.0,58438663.0,,,0.1205629,408900000.0,,,,3044915.0,414000000.0,13688193.0,28790067.0,23533529.0,70814.0,11605045.0,,0.0315,Private
ACB,Ngân hàng Á Châu,2023,718800000.0,70955961.0,,,0.12761513,482200000.0,,,,5887225.0,482700000.0,16044733.0,32746516.0,24959570.0,1804231.0,10874286.0,,0.03252893,Private
ACB,Ngân hàng Á Châu,2024,864000000.0,83461678.0,,,0.1123,580700000.0,,,,,537300000.0,16789768.0,,,,,,0.0363,Private
BAB,Ngân hàng Bắc Á,2014,57181957.0,4122044.0,,,0.0800498,36085186.0,,,,784925.47,46312474.0,274075.0,1188744.0,1093042.0,260073.0,579541.0,,0.0471,Private
BAB,Ngân hàng Bắc Á,2015,63460126.0,5011667.0,,,0.08513256,41272165.0,,,,292820.0,52895602.0,380408.0,1330728.0,1083615.0,173057.0,704966.0,,0.008786,Private
BAB,Ngân hàng Bắc Á,2016,75938148.0,5807109.0,,,0.08780585,47658336.0,,,,390188.0,59156703.0,500686.0,1439535.0,1333912.0,64007.0,748903.0,,0.032436,Private
BAB,Ngân hàng Bắc Á,2017,91782201.0,6374612.0,,,0.08858867,54874639.0,,,,351612.0,63415099.0,602472.0,1918945.0,1657917.0,296423.0,879857.0,,0.035203,Private
BAB,Ngân hàng Bắc Á,2018,97029061.0,7082456.0,,,0.08983788,63385736.0,,,,488075.0,72534422.0,677210.0,1973985.0,1698672.0,274412.0,857107.0,,0.035394,Private
BAB,Ngân hàng Bắc Á,2019,107900000.0,7814985.0,,,0.0864285,72278567.0,,,,500026.0,76163271.0,749456.0,2192386.0,1966555.0,154901.0,1103592.0,,0.0273,Private
BAB,Ngân hàng Bắc Á,2020,117200000.0,8363582.0,,,0.08374381,78618640.0,,,,628000.0,86442223.0,587794.0,2229528.0,2031071.0,254326.0,1240389.0,,0.0396,Private
BAB,Ngân hàng Bắc Á,2021,119800000.0,9051143.0,,,0.08695201,83538267.0,,,,655303.0,93440398.0,726339.0,2464088.0,2117228.0,243589.0,1312134.0,,0.0184,Private
BAB,Ngân hàng Bắc Á,2022,128800000.0,9800431.0,,,0.08834252,93073482.0,,,,513879.0,96904601.0,832519.0,2867676.0,2513199.0,112384.0,1716333.0,,0.0315,Private
BAB,Ngân hàng Bắc Á,2023,152200000.0,10868259.0,,,0.08338252,98654289.0,,,,915667.0,118500000.0,854367.0,3046313.0,2389271.0,152568.0,1832911.0,,0.03252893,Private
BAB,Ngân hàng Bắc Á,2024,165500000.0,9827383.0,,,0.0924,109600000.0,,,,,122500000.0,,,,,,,0.0363,Private
BID,BIDV,2014,650300000.0,33271267.0,,,0.06211153,439100000.0,,,,9056833.0,440500000.0,4985667.0,21906624.0,16844262.0,6985696.0,8623895.0,,0.0471,State
BID,BIDV,2015,850700000.0,40949722.0,,,0.05705427,590900000.0,,,,10053680.0,564600000.0,6376756.0,24712164.0,19314968.0,5676332.0,11087176.0,,0.008786,State
BID,BIDV,2016,1006000000.0,42540497.0,,,0.04932951,713600000.0,,,,14428959.0,726000000.0,6228856.0,30396324.0,23434596.0,9199516.0,13532094.0,,0.032436,State
BID,BIDV,2017,1202000000.0,45961294.0,,,0.04575119,855500000.0,,,,14064106.0,860000000.0,6945586.0,39016721.0,30955332.0,14847306.0,15504237.0,,0.035203,State
BID,BIDV,2018,1313000000.0,51654246.0,,,0.04644789,976300000.0,,,,18802415.0,989700000.0,7541833.0,44483062.0,34955864.0,18893636.0,16116922.0,,0.035394,State
BID,BIDV,2019,1490000000.0,77652981.0,,,0.06245274,1102000000.0,,,,19496406.0,1114000000.0,8547757.0,48121240.0,35977808.0,20131916.0,17257116.0,,0.0273,State
BID,BIDV,2020,1517000000.0,79646612.0,,,0.06019626,1195000000.0,,,,21369418.0,1227000000.0,7223565.0,50037144.0,35796799.0,23317940.0,17692960.0,,0.0396,State
BID,BIDV,2021,1762000000.0,86329026.0,,,0.05734375,1326000000.0,,,,13546316.0,1380000000.0,10841271.0,62493889.0,46823308.0,29480917.0,19465321.0,,0.0184,State
BID,BIDV,2022,2121000000.0,104200000.0,,,0.06048378,1484000000.0,,,,17622432.0,1474000000.0,18420014.0,69582444.0,56069684.0,24015485.0,22557474.0,,0.0315,State
BID,BIDV,2023,2301000000.0,122900000.0,,,0.06260089,1737000000.0,,,,22367914.0,1705000000.0,21977141.0,73013017.0,56135566.0,20343515.0,25080598.0,,0.03252893,State
BID,BIDV,2024,2761000000.0,144500000.0,,,0.0897,2056000000.0,,,,,1953000000.0,,,,,,,0.0363,State
BVB,Vietcapital Bank,2014,25782504.0,3313144.0,,,0.17703812,12849477.0,,,,400903.68,14687247.0,162110.0,744425.0,524654.0,39248.0,498195.0,,0.0471,Private
BVB,Vietcapital Bank,2015,29019129.0,3313238.0,,,0.14510001,15740252.0,,,,159229.0,18623768.0,53211.0,562773.0,437633.0,53882.0,437373.0,,0.008786,Private
BVB,Vietcapital Bank,2016,32384847.0,3310648.0,,,0.12218433,20812625.0,,,,266604.0,24610095.0,2685.0,684734.0,549623.0,69670.0,602972.0,,0.032436,Private
BVB,Vietcapital Bank,2017,39900916.0,3343722.0,,,0.10795552,24784843.0,,,,441913.75,27022524.0,33532.0,771719.0,668883.0,89436.0,645592.0,,0.035203,Private
BVB,Vietcapital Bank,2018,46551614.0,3437957.0,,,0.09737546,29349936.0,,,,610973.0,33495353.0,94332.0,942316.0,799888.0,126966.0,698862.0,,0.035394,Private
BVB,Vietcapital Bank,2019,51808678.0,3734974.0,,,0.0998744,33542390.0,,,,852748.0,35218568.0,126056.0,1127746.0,932376.0,110421.0,859223.0,,0.0273,Private
BVB,Vietcapital Bank,2020,61101561.0,3890353.0,,,0.08848909,39261211.0,,,,1111586.0,41372546.0,160856.0,1415851.0,1104675.0,346902.0,867461.0,,0.0396,Private
BVB,Vietcapital Bank,2021,76511392.0,4639089.0,,,0.08474882,45688710.0,,,,1175929.0,45244577.0,248838.0,1733295.0,1434862.0,370432.0,1051415.0,,0.0184,Private
BVB,Vietcapital Bank,2022,79067497.0,5002586.0,,,0.08147462,50117927.0,,,,1418559.0,50129097.0,364048.0,1917238.0,1713866.0,224345.0,1236838.0,,0.0315,Private
BVB,Vietcapital Bank,2023,87883977.0,3218641.0,,,0.04662368,56967126.0,,,,1914588.0,57138791.0,56568.0,1755036.0,1478618.0,276515.0,1406915.0,,0.03252893,Private
BVB,Vietcapital Bank,2024,103500000.0,6154908.0,,,0.1086,68063408.0,,,,,67389450.0,,,,,,,0.0363,Private
CTG,VIETINBANK,2014,661200000.0,55033833.0,,,0.10331227,435500000.0,,,,4905151.0,424200000.0,5727880.0,21030633.0,17862116.0,3922676.0,9804496.0,,0.0471,State
CTG,VIETINBANK,2015,779500000.0,55867720.0,,,0.08497681,533500000.0,,,,4942240.0,493000000.0,5716878.0,22743884.0,18838984.0,4678986.0,10719457.0,,0.008786,State
CTG,VIETINBANK,2016,948600000.0,60046431.0,,,0.07576659,655100000.0,,,,6742800.0,655100000.0,6765211.0,26361155.0,22303880.0,5058609.0,12848843.0,,0.032436,State
CTG,VIETINBANK,2017,1095000000.0,63469665.0,,,0.06944985,782400000.0,,,,9011131.0,752900000.0,7458902.0,32619869.0,27072988.0,8343899.0,15069777.0,,0.035203,State
CTG,VIETINBANK,2018,1164000000.0,67455517.0,,,0.07046176,851900000.0,,,,13690952.0,825800000.0,5416429.0,28737926.0,22518086.0,7751273.0,14256251.0,,0.035394,State
CTG,VIETINBANK,2019,1241000000.0,77354818.0,,,0.07508549,922300000.0,,,,10813411.0,892800000.0,9476989.0,40519386.0,33199036.0,13003531.0,15734862.0,,0.0273,State
CTG,VIETINBANK,2020,1341000000.0,85411250.0,,,0.07618866,1003000000.0,,,,9519101.0,990300000.0,13757234.0,45317434.0,35580829.0,12147237.0,16085348.0,,0.0396,State
CTG,VIETINBANK,2021,1532000000.0,93649511.0,,,0.07283891,1105000000.0,,,,14300465.0,1162000000.0,14215342.0,53156632.0,41788465.0,18381626.0,17185850.0,,0.0184,State
CTG,VIETINBANK,2022,1808000000.0,108200000.0,,,0.07570047,1245000000.0,,,,15800980.0,1249000000.0,16834994.0,64116690.0,47791955.0,24163177.0,19007454.0,,0.0315,State
CTG,VIETINBANK,2023,2033000000.0,125900000.0,,,0.07721209,1446000000.0,,,,16608332.0,1411000000.0,20044622.0,70548165.0,52957478.0,25115141.0,20443499.0,,0.03252893,State
CTG,VIETINBANK,2024,2385000000.0,,,,0.0914,1722000000.0,,,,,1606000000.0,,,,,,,0.0363,State
EIB,Eximbank,2014,161100000.0,14068297.0,,,0.13027716,86123843.0,,,,2144371.0,101400000.0,56084.0,2942799.0,2710233.0,825299.0,2048704.0,,0.0471,Private
EIB,Eximbank,2015,124800000.0,13144721.0,,,0.12533368,83889887.0,,,,1575472.0,98430542.0,39994.0,3799363.0,3397690.0,1433987.0,2304554.0,,0.008786,Private
EIB,Eximbank,2016,128800000.0,13448419.0,,,0.12466371,85824814.0,,,,2560148.0,102400000.0,308932.0,3734910.0,3082079.0,1089066.0,2255214.0,,0.032436,Private
EIB,Eximbank,2017,149400000.0,14251181.0,,,0.11713401,100300000.0,,,,2298430.0,117500000.0,822830.0,3828223.0,2667818.0,604576.0,2206068.0,,0.035203,Private
EIB,Eximbank,2018,152700000.0,14883534.0,,,0.12625265,103000000.0,,,,1921010.0,118700000.0,660590.0,4451578.0,3206895.0,723546.0,2900904.0,,0.035394,Private
EIB,Eximbank,2019,167500000.0,15749313.0,,,0.12428197,112200000.0,,,,1933171.0,139300000.0,866132.0,4486288.0,3220366.0,690291.0,2700748.0,,0.0273,Private
EIB,Eximbank,2020,160400000.0,16819490.0,,,0.14568021,99487571.0,,,,2534455.0,133900000.0,1070181.0,4445587.0,3313736.0,667377.0,2438684.0,,0.0396,Private
EIB,Eximbank,2021,165800000.0,17784908.0,,,0.13766617,113300000.0,,,,2247296.0,137400000.0,965437.0,4709349.0,3524302.0,990124.0,2514159.0,,0.0184,Private
EIB,Eximbank,2022,185100000.0,20479900.0,,,0.14097745,129200000.0,,,,2346660.0,148600000.0,2945752.0,7288065.0,5591971.0,103590.0,3475409.0,,0.0315,Private
EIB,Eximbank,2023,201400000.0,22444999.0,,,0.15384199,138900000.0,,,,3726860.0,156300000.0,2165099.0,6554833.0,4597104.0,694399.0,3140808.0,,0.03252893,Private
EIB,Eximbank,2024,239800000.0,25099406.0,,,0.1229,165200000.0,,,,,167400000.0,,,,,,,0.0363,Private
HDB,HDBank,2014,99524603.0,8874048.0,,,0.13203197,41508986.0,,,,953675.86,65411576.0,476877.0,2898822.0,1629143.0,456470.0,1820135.0,,0.0471,Private
HDB,HDBank,2015,106500000.0,9841679.0,,,0.12541247,55853240.0,,,,897091.0,74542719.0,630111.0,4132637.0,3244710.0,934619.0,2409584.0,,0.008786,Private
HDB,HDBank,2016,150300000.0,9942643.0,,,0.08542364,81303975.0,,,,1198781.0,103300000.0,914498.0,5418226.0,4678080.0,993605.0,3276988.0,,0.032436,Private
HDB,HDBank,2017,189300000.0,14759106.0,,,0.0956774,103300000.0,,,,1583241.0,120500000.0,1954407.0,7505819.0,6347300.0,1016760.0,4072277.0,,0.035203,Private
HDB,HDBank,2018,216100000.0,16828140.0,,,0.10061777,121800000.0,,,,1884950.0,128100000.0,3201511.0,9440355.0,7645693.0,994271.0,4441456.0,,0.035394,Private
HDB,HDBank,2019,229500000.0,20381116.0,,,0.10981445,144700000.0,,,,1996665.0,126000000.0,4020334.0,11387988.0,9746555.0,1289083.0,5080492.0,,0.0273,Private
HDB,HDBank,2020,319100000.0,24704048.0,,,0.09991275,176400000.0,,,,2357348.0,174600000.0,4647097.0,13779435.0,11897705.0,1788384.0,6172829.0,,0.0396,Private
HDB,HDBank,2021,374600000.0,30790113.0,,,0.11091773,200800000.0,,,,3360073.0,183300000.0,6453499.0,16758245.0,13890777.0,2305860.0,6382768.0,,0.0184,Private
HDB,HDBank,2022,416300000.0,38994886.0,,,0.12518992,260800000.0,,,,4404191.0,215800000.0,8209470.0,21967104.0,18011568.0,3068339.0,8630709.0,,0.0315,Private
HDB,HDBank,2023,602300000.0,46400322.0,,,0.1153758,339300000.0,,,,6159963.0,370800000.0,10336013.0,26413685.0,22183974.0,4267751.0,9129202.0,,0.03252893,Private
HDB,HDBank,2024,697300000.0,56657501.0,,,0.144,442500000.0,,,,,437500000.0,,,,,,,0.0363,Private
KLB,Ngân hàng Kiên Long,2014,23103926.0,3364107.0,,,0.20418332,13389967.0,,,,264224.91,16570527.0,175913.0,801517.0,793717.0,42489.0,525316.0,,0.0471,Private
KLB,Ngân hàng Kiên Long,2015,25322238.0,3373347.0,,,0.17219329,16080186.0,,,,182562.0,20080836.0,165235.0,849242.0,822560.0,65659.0,571923.0,,0.008786,Private
KLB,Ngân hàng Kiên Long,2016,30451008.0,3363886.0,,,0.14927852,19596649.0,,,,209650.0,22889160.0,120990.0,925345.0,785937.0,92029.0,681680.0,,0.032436,Private
KLB,Ngân hàng Kiên Long,2017,37326805.0,3551597.0,,,0.13263204,24465617.0,,,,207110.0,26124192.0,201693.0,1127154.0,1041632.0,68757.0,806203.0,,0.035203,Private
KLB,Ngân hàng Kiên Long,2018,42309803.0,3750147.0,,,0.1218049,29216772.0,,,,277718.0,29206157.0,231889.0,1256162.0,974871.0,37644.0,928436.0,,0.035394,Private
KLB,Ngân hàng Kiên Long,2019,51102121.0,3791854.0,,,0.11112229,33183657.0,,,,341956.0,32920772.0,67674.0,1202809.0,1007870.0,75287.0,1041601.0,,0.0273,Private
KLB,Ngân hàng Kiên Long,2020,57281987.0,3918172.0,,,0.10360232,34423044.0,,,,1882804.0,42017697.0,126318.0,1241278.0,952429.0,-2410.0,1085478.0,,0.0396,Private
KLB,Ngân hàng Kiên Long,2021,83822488.0,4679417.0,,,0.10373765,38020523.0,,,,726176.0,51397605.0,770273.0,2318863.0,1930960.0,81647.0,1227211.0,,0.0184,Private
KLB,Ngân hàng Kiên Long,2022,85760181.0,5183574.0,,,0.09996905,44122736.0,,,,845015.0,52195871.0,544521.0,2613278.0,1459022.0,472393.0,1459022.0,,0.0315,Private
KLB,Ngân hàng Kiên Long,2023,86972602.0,5757558.0,,,0.10556817,51159819.0,,,,1001571.0,56897722.0,573984.0,2782404.0,2038106.0,417920.0,1645837.0,,0.03252893,Private
KLB,Ngân hàng Kiên Long,2024,92176268.0,6604952.0,,,0.1002,61431909.0,,,,,63521494.0,,,,,,,0.0363,Private
LPB,LienViet Post Bank,2014,100800000.0,7391097.0,,,0.095501,40815654.0,,,,889128.21,77819859.0,466463.0,2112935.0,2290846.0,-49626.0,1350947.0,,0.0471,Private
LPB,LienViet Post Bank,2015,107600000.0,7600520.0,,,0.08641403,55470066.0,,,,1855806.5,77628984.0,349849.0,2487703.0,2894167.0,134767.0,1563456.0,,0.008786,Private
LPB,LienViet Post Bank,2016,141900000.0,8331885.0,,,0.07420836,78705746.0,,,,887543.0,111000000.0,1062786.0,3871645.0,4023770.0,271735.0,2031488.0,,0.032436,Private
LPB,LienViet Post Bank,2017,163400000.0,9383258.0,,,0.07131192,99391852.0,,,,1073889.0,128300000.0,1368086.0,5102910.0,5226843.0,462412.0,2813096.0,,0.035203,Private
LPB,LienViet Post Bank,2018,175100000.0,10200892.0,,,0.0663684,117700000.0,,,,1680455.0,124900000.0,959953.0,4879445.0,5015786.0,522332.0,3048068.0,,0.035394,Private
LPB,LienViet Post Bank,2019,202100000.0,12579800.0,,,0.07232976,138800000.0,,,,2030337.0,136800000.0,1600277.0,6506595.0,6060876.0,1297949.0,4032180.0,,0.0273,Private
LPB,LienViet Post Bank,2020,242300000.0,14231726.0,,,0.06831952,174400000.0,,,,2527349.0,174500000.0,1861908.0,7771086.0,6720171.0,1783373.0,4645147.0,,0.0396,Private
LPB,LienViet Post Bank,2021,289200000.0,16801877.0,,,0.06857311,205800000.0,,,,2863454.0,180300000.0,2873248.0,10050689.0,9017159.0,1322250.0,5090421.0,,0.0184,Private
LPB,LienViet Post Bank,2022,327700000.0,24055154.0,,,0.08794452,230600000.0,,,,3426818.0,215900000.0,4510253.0,14170311.0,11899969.0,3173737.0,5306893.0,,0.0315,Private
LPB,LienViet Post Bank,2023,382900000.0,34117400.0,,,0.10670151,272000000.0,,,,3688651.0,237400000.0,5572246.0,15625305.0,11203129.0,2826040.0,5759872.0,,0.03252893,Private
LPB,LienViet Post Bank,2024,508300000.0,43338300.0,,,0.1126,331600000.0,,,,,283200000.0,,,,,,,0.0363,Private
MBB,MBBank,2014,200500000.0,16561085.0,,,0.10281524,98106265.0,,,,2745450.5,167600000.0,2502988.0,8306895.0,6540075.0,2018690.0,3114202.0,,0.0471,Private
MBB,MBBank,2015,221000000.0,22593349.0,,,0.13173497,119400000.0,,,,1949594.0,181600000.0,2512134.0,8771868.0,7318530.0,2102068.0,3449129.0,,0.008786,Private
MBB,MBBank,2016,256300000.0,25351943.0,,,0.12434083,148700000.0,,,,1987197.0,194800000.0,2883551.0,9855357.0,7978944.0,2030104.0,4174668.0,,0.032436,Private
MBB,MBBank,2017,313900000.0,28169733.0,,,0.11904981,182100000.0,,,,2217657.0,220200000.0,3490415.0,13867076.0,11218952.0,3252111.0,5999239.0,,0.035203,Private
MBB,MBBank,2018,362300000.0,32643154.0,,,0.11392069,211500000.0,,,,2859688.0,240000000.0,6189901.0,19536563.0,14583497.0,3035388.0,8733802.0,,0.035394,Private
MBB,MBBank,2019,411500000.0,39885814.0,,,0.11911748,247100000.0,,,,2897638.0,272700000.0,8068604.0,24650448.0,17999996.0,4890623.0,9723706.0,,0.0273,Private
MBB,MBBank,2020,495000000.0,31899554.0,,,0.08017486,293900000.0,,,,3247806.0,311000000.0,8606039.0,27362173.0,20277795.0,6118440.0,10555457.0,,0.0396,Private
MBB,MBBank,2021,607100000.0,62486023.0,,,0.1269394,354800000.0,,,,3268035.0,384700000.0,13221437.0,36934498.0,26199554.0,8030051.0,12377188.0,,0.0184,Private
MBB,MBBank,2022,728500000.0,79613219.0,,,0.1298439,448600000.0,,,,5031294.0,443600000.0,18155185.0,45592625.0,36023122.0,8047677.0,14815628.0,,0.0315,Private
MBB,MBBank,2023,945000000.0,96711159.0,,,0.12201617,599600000.0,,,,19023141.0,567500000.0,21053792.0,47306062.0,38683848.0,6087032.0,14912941.0,,0.03252893,Private
MBB,MBBank,2024,1129000000.0,117100000.0,,,0.1128,776700000.0,,,,,714200000.0,,,,,,,0.0363,Private
MSB,MaritimeBank,2014,104400000.0,9445683.0,,,0.14438054,22966507.0,,,,843100.47,63218853.0,142756.0,2336822.0,1173401.0,722497.0,1452301.0,,0.0471,Private
MSB,MaritimeBank,2015,104300000.0,13616249.0,,,0.17575403,27490168.0,,,,906532.0,62615688.0,116274.0,2493725.0,1586915.0,526835.0,1808858.0,,0.008786,Private
MSB,MaritimeBank,2016,92605862.0,13599986.0,,,0.19949976,34666848.0,,,,830367.0,57586806.0,140004.0,3804553.0,2252642.0,1743425.0,1897097.0,,0.032436,Private
MSB,MaritimeBank,2017,112200000.0,13721942.0,,,0.16811982,35783876.0,,,,806390.0,56848515.0,122032.0,3247650.0,1602077.0,1017359.0,2065862.0,,0.035203,Private
MSB,MaritimeBank,2018,137800000.0,13820154.0,,,0.15421954,47768344.0,,,,1465902.0,63528770.0,868289.0,4716110.0,2902271.0,739595.0,2923739.0,,0.035394,Private
MSB,MaritimeBank,2019,157000000.0,14863521.0,,,0.13577743,62708342.0,,,,1300442.0,80872643.0,1043560.0,4715154.0,3062104.0,925148.0,2502184.0,,0.0273,Private
MSB,MaritimeBank,2020,176700000.0,16874819.0,,,0.12476752,78497568.0,,,,1557646.0,87510188.0,2011144.0,7182480.0,4822389.0,1073244.0,3585922.0,,0.0396,Private
MSB,MaritimeBank,2021,203700000.0,22037785.0,,,0.14876779,99875801.0,,,,1768793.0,94616419.0,4034740.0,10588242.0,6216244.0,1567866.0,3931913.0,,0.0184,Private
MSB,MaritimeBank,2022,212800000.0,26653998.0,,,0.17677518,119200000.0,,,,2068753.0,117100000.0,4616213.0,10693674.0,8321791.0,478507.0,4427964.0,,0.0315,Private
MSB,MaritimeBank,2023,267000000.0,31298212.0,,,0.16947905,146800000.0,,,,4280829.0,132400000.0,4644214.0,12258987.0,9188515.0,1616746.0,4812331.0,,0.03252893,Private
MSB,MaritimeBank,2024,320200000.0,36817557.0,,,0.1152,178300000.0,,,,,154600000.0,,,,,,,0.0363,Private
NAB,Ngân hàng Nam Á,2014,37293006.0,3331226.0,,,0.17667222,15711331.0,,,,232800.0,20319179.0,187165.0,783697.0,682153.0,77632.0,463619.0,,0.0471,Private
NAB,Ngân hàng Nam Á,2015,35469965.0,3414621.0,,,0.13479347,20671320.0,,,,190529.0,24368265.0,194287.0,1084640.0,979794.0,243615.0,588530.0,,0.008786,Private
NAB,Ngân hàng Nam Á,2016,42851605.0,3433072.0,,,0.10311611,23649752.0,,,,705957.0,34080117.0,32863.0,1308785.0,1148596.0,481998.0,781533.0,,0.032436,Private
NAB,Ngân hàng Nam Á,2017,54439880.0,3667054.0,,,0.07975468,35502201.0,,,,707814.0,39860577.0,239243.0,1683160.0,1186071.0,520687.0,861316.0,,0.035203,Private
NAB,Ngân hàng Nam Á,2018,75059004.0,4230082.0,,,0.07135929,50042960.0,,,,784722.0,54187107.0,591274.0,1796240.0,1706613.0,-101142.0,1154419.0,,0.035394,Private
NAB,Ngân hàng Nam Á,2019,94687435.0,4960385.0,,,0.06660753,66751987.0,,,,1333762.0,70744212.0,731788.0,2466053.0,2186135.0,-12142.0,1553650.0,,0.0273,Private
NAB,Ngân hàng Nam Á,2020,134300000.0,6598770.0,,,0.06060408,88320271.0,,,,743770.0,98254031.0,799664.0,3194464.0,2603945.0,558209.0,1630769.0,,0.0396,Private
NAB,Ngân hàng Nam Á,2021,153200000.0,8024842.0,,,0.06445727,101400000.0,,,,1613137.0,115300000.0,1799091.0,4818674.0,4283189.0,779852.0,2239731.0,,0.0184,Private
NAB,Ngân hàng Nam Á,2022,177600000.0,12649780.0,,,0.08781267,118300000.0,,,,1611238.0,125000000.0,1807876.0,5973300.0,5119121.0,863393.0,2841928.0,,0.0315,Private
NAB,Ngân hàng Nam Á,2023,209900000.0,15241792.0,,,0.0929011,139900000.0,,,,2989122.0,145400000.0,2621619.0,7644211.0,6647309.0,847804.0,3492455.0,,0.03252893,Private
NAB,Ngân hàng Nam Á,2024,245100000.0,19288533.0,,,0.0946,167700000.0,,,,,158300000.0,,,,,,,0.0363,Private
NVB,Ngân hàng Quốc Dân,2014,36837069.0,3211672.0,,,0.14229671,16445271.0,,,,420114.81,24440359.0,8134.0,663579.0,600482.0,49397.0,604431.0,,0.0471,Private
NVB,Ngân hàng Quốc Dân,2015,48230002.0,3217325.0,,,0.10332439,20222031.0,,,,439217.31,34030972.0,6490.0,766657.0,762879.0,103919.0,655265.0,,0.008786,Private
NVB,Ngân hàng Quốc Dân,2016,69011008.0,3228164.0,,,0.07168853,25061907.0,,,,376375.0,41791705.0,10839.0,1074288.0,952864.0,197608.0,863133.0,,0.032436,Private
NVB,Ngân hàng Quốc Dân,2017,71841566.0,3218142.0,,,0.06714086,31751339.0,,,,492311.0,45719622.0,21955.0,1225206.0,1117506.0,234912.0,959550.0,,0.035203,Private
NVB,Ngân hàng Quốc Dân,2018,72422170.0,3232766.0,,,0.06202407,35281529.0,,,,595759.0,47148818.0,36240.0,1224017.0,981173.0,136345.0,999842.0,,0.035394,Private
NVB,Ngân hàng Quốc Dân,2019,80394022.0,4306672.0,,,0.08389573,37483427.0,,,,730089.0,59095308.0,43142.0,1241789.0,1158408.0,324129.0,862619.0,,0.0273,Private
NVB,Ngân hàng Quốc Dân,2020,89601240.0,4262820.0,,,0.07922696,39854967.0,,,,608832.0,72084752.0,1212.0,1654923.0,1433742.0,848508.0,802677.0,,0.0396,Private
NVB,Ngân hàng Quốc Dân,2021,73782685.0,4264220.0,,,0.08250183,40923404.0,,,,1249428.0,64520093.0,1400.0,1702107.0,1259219.0,749204.0,950593.0,,0.0184,Private
NVB,Ngân hàng Quốc Dân,2022,89847242.0,5764228.0,,,0.0979149,46762611.0,,,,8556490.0,71350329.0,8.0,1336994.0,931777.0,308075.0,1027681.0,,0.0315,Private
NVB,Ngân hàng Quốc Dân,2023,96249499.0,5094672.0,,,0.07488574,54266164.0,,,,16468979.0,76850214.0,-669556.0,719152.0,457229.0,146950.0,1238721.0,,0.03252893,Private
NVB,Ngân hàng Quốc Dân,2024,118500000.0,6092846.0,,,0.0983,71174720.0,,,,,96117186.0,,,,,,,0.0363,Private
OCB,Ngân hàng Phương Đông,2014,39094911.0,4017719.0,,,0.12845588,21159481.0,,,,608250.44,23898897.0,220549.0,1236541.0,1075270.0,302256.0,652906.0,,0.0471,Private
OCB,Ngân hàng Phương Đông,2015,49447189.0,4225319.0,,,0.10798846,27452502.0,,,,619053.92,29506295.0,209474.0,1428114.0,1331055.0,364217.0,796629.0,,0.008786,Private
OCB,Ngân hàng Phương Đông,2016,63815088.0,4715678.0,,,0.0892238,38175044.0,,,,675499.35,43063985.0,386916.0,1859684.0,1660680.0,329286.0,1046526.0,,0.032436,Private
OCB,Ngân hàng Phương Đông,2017,84300169.0,6139396.0,,,0.09557038,47778861.0,,,,864574.04,53205792.0,816766.0,2723815.0,2401144.0,256024.0,1445957.0,,0.035203,Private
OCB,Ngân hàng Phương Đông,2018,99964108.0,8797238.0,,,0.10975467,55751007.0,,,,1288327.2,60362575.0,1761031.0,5016100.0,3435970.0,944471.0,1869767.0,,0.035394,Private
OCB,Ngân hàng Phương Đông,2019,118200000.0,11507150.0,,,0.12340828,70366005.0,,,,1309236.8,69142056.0,2582236.0,6613154.0,4101163.0,932794.0,2449236.0,,0.0273,Private
OCB,Ngân hàng Phương Đông,2020,152500000.0,17435383.0,,,0.14304026,88300511.0,,,,1508469.7,87171376.0,3534772.0,8012867.0,4981711.0,1263439.0,2330119.0,,0.0396,Private
OCB,Ngân hàng Phương Đông,2021,184500000.0,21805009.0,,,0.15366134,100900000.0,,,,1349540.2,98804613.0,4404959.0,8919153.0,5765585.0,997677.0,2402924.0,,0.0184,Private
OCB,Ngân hàng Phương Đông,2022,194000000.0,25272239.0,,,0.16246663,118200000.0,,,,2670981.9,102200000.0,3509718.0,8533571.0,6947583.0,1067461.0,3076802.0,,0.0315,Private
OCB,Ngân hàng Phương Đông,2023,240100000.0,28535703.0,,,0.15425032,144700000.0,,,,6883198.7,125900000.0,3303303.0,8938127.0,6765518.0,1627225.0,3171425.0,,0.03252893,Private
OCB,Ngân hàng Phương Đông,2024,280700000.0,31671694.0,,,0.1234,170800000.0,,,,,142500000.0,,,,,,,0.0363,Private
PGB,PG Bank,2014,25779362.0,3339471.0,,,0.18820473,14334203.0,,,,360438.4,18003964.0,131050.0,750840.0,656549.0,103709.0,479324.0,,0.0471,Private
PGB,PG Bank,2015,24681414.0,3372713.0,,,0.17023222,15704813.0,,,,437391.0,16864930.0,40808.0,747562.0,655267.0,210282.0,485011.0,,0.008786,Private
PGB,PG Bank,2016,24824533.0,3495341.0,,,0.16181671,17358779.0,,,,432815.6,18297116.0,122627.0,775949.0,695340.0,203464.0,419229.0,,0.032436,Private
PGB,PG Bank,2017,29297961.0,3559846.0,,,0.14184335,21192835.0,,,,715179.25,22877378.0,64505.0,1017935.0,783612.0,460684.0,476857.0,,0.035203,Private
PGB,PG Bank,2018,29899608.0,3686768.0,,,0.14347454,21826744.0,,,,675054.01,23344960.0,126921.0,1197060.0,847812.0,518965.0,519582.0,,0.035394,Private
PGB,PG Bank,2019,31574084.0,3760412.0,,,0.14089035,23441675.0,,,,748636.33,25388098.0,74621.0,1123330.0,855425.0,546034.0,561665.0,,0.0273,Private
PGB,PG Bank,2020,36153015.0,3929919.0,,,0.1411025,25448611.0,,,,626490.25,28737832.0,169508.0,1148188.0,906428.0,280924.0,655043.0,,0.0396,Private
PGB,PG Bank,2021,40521052.0,4180846.0,,,0.1376268,27255742.0,,,,693936.0,28074529.0,258380.0,1165856.0,738114.0,178187.0,664372.0,,0.0184,Private
PGB,PG Bank,2022,48991137.0,4584528.0,,,0.14311102,28767971.0,,,,744543.0,31259873.0,403687.0,1511481.0,1210225.0,259833.0,745913.0,,0.0315,Private
PGB,PG Bank,2023,55491118.0,4863824.0,,,0.12827704,34983261.0,,,,1008274.0,35729811.0,279895.0,1393470.0,1301354.0,234029.0,808209.0,,0.03252893,Private
PGB,PG Bank,2024,73210503.0,5162946.0,,,0.1235,41436482.0,,,,,43325745.0,,,,,,,0.0363,Private
SHB,SHB,2014,169000000.0,10480064.0,,,0.08968228,103000000.0,,,,2107674.0,123200000.0,790747.0,3257333.0,2725965.0,620632.0,1624353.0,,0.0471,Private
SHB,SHB,2015,204700000.0,11255041.0,,,0.07623155,130000000.0,,,,2262675.0,148800000.0,795156.0,3937820.0,3696154.0,842126.0,2078640.0,,0.008786,Private
SHB,SHB,2016,233900000.0,13229267.0,,,0.07363289,160600000.0,,,,3043980.0,166600000.0,913061.0,4966111.0,4175448.0,1301913.0,2507759.0,,0.032436,Private
SHB,SHB,2017,286000000.0,14691220.0,,,0.06774363,195400000.0,,,,4623697.0,194900000.0,1539128.0,6452164.0,4796660.0,1629956.0,2896897.0,,0.035203,Private
SHB,SHB,2018,323300000.0,16332532.0,,,0.06228814,214000000.0,,,,5198805.0,225200000.0,1672319.0,6741735.0,5555902.0,1425091.0,3222791.0,,0.035394,Private
SHB,SHB,2019,365300000.0,18507443.0,,,0.06522018,262000000.0,,,,5055748.0,259200000.0,2417890.0,9389036.0,7830439.0,2410964.0,3951732.0,,0.0273,Private
SHB,SHB,2020,412700000.0,24036220.0,,,0.07262317,302200000.0,,,,5598785.0,303600000.0,2607012.0,12207411.0,9933199.0,4640222.0,4299189.0,,0.0396,Private
SHB,SHB,2021,506600000.0,35531665.0,,,0.09276838,357800000.0,,,,6112559.0,327200000.0,5007161.0,18153018.0,15570349.0,7487035.0,4405941.0,,0.0184,Private
SHB,SHB,2022,550900000.0,42904471.0,,,0.10424414,378600000.0,,,,10852956.0,361700000.0,7728918.0,19340982.0,17550084.0,5260021.0,4391593.0,,0.0315,Private
SHB,SHB,2023,630500000.0,50098280.0,,,0.10847521,429400000.0,,,,12482577.0,447500000.0,7324758.0,21328397.0,19285353.0,7037837.0,5051539.0,,0.03252893,Private
SHB,SHB,2024,747200000.0,57849520.0,,,0.1186,519900000.0,,,,,499900000.0,,,,,,,0.0363,Private
STB,Sài Gòn Thương tín,2014,189800000.0,18063197.0,,,0.11818676,126600000.0,,,,1522509.0,163100000.0,2206432.0,8249488.0,6564658.0,962588.0,4460613.0,,0.0471,Private
STB,Sài Gòn Thương tín,2015,292000000.0,22080495.0,,,0.0986033,183700000.0,,,,10778413.0,261000000.0,647919.0,8288716.0,6575107.0,2256014.0,5154547.0,,0.008786,Private
STB,Sài Gòn Thương tín,2016,332000000.0,22191934.0,,,0.084708,196400000.0,,,,13745344.0,291700000.0,88609.0,6530157.0,4020697.0,696243.0,5678323.0,,0.032436,Private
STB,Sài Gòn Thương tín,2017,368500000.0,23236292.0,,,0.07915603,220200000.0,,,,10404688.0,319900000.0,1181560.0,8645286.0,5278035.0,816589.0,6336893.0,,0.035203,Private
STB,Sài Gòn Thương tín,2018,406000000.0,24632367.0,,,0.07492572,253100000.0,,,,5462505.0,349400000.0,1790156.0,11676935.0,7633794.0,1592114.0,7837830.0,,0.035394,Private
STB,Sài Gòn Thương tín,2019,453600000.0,26741640.0,,,0.07253739,292100000.0,,,,5733326.0,400800000.0,2454864.0,14635338.0,9180688.0,2152889.0,9265703.0,,0.0273,Private
STB,Sài Gòn Thương tín,2020,492500000.0,28956242.0,,,0.07060168,334900000.0,,,,5780259.0,428000000.0,2681981.0,17270869.0,11526554.0,3036974.0,10894615.0,,0.0396,Private
STB,Sài Gòn Thương tín,2021,521100000.0,34261336.0,,,0.07600655,381000000.0,,,,5831929.0,427400000.0,3411496.0,17704317.0,11964487.0,3554375.0,9749916.0,,0.0184,Private
STB,Sài Gòn Thương tín,2022,591900000.0,38626996.0,,,0.07696352,433000000.0,,,,4298834.0,454700000.0,5040695.0,26141290.0,17147134.0,8881501.0,10920717.0,,0.0315,Private
STB,Sài Gòn Thương tín,2023,674400000.0,45733864.0,,,0.08316948,475200000.0,,,,10984066.0,510700000.0,7718616.0,26173011.0,22072333.0,3688105.0,12889906.0,,0.03252893,Private
STB,Sài Gòn Thương tín,2024,748100000.0,54972070.0,,,0.0993,539300000.0,,,,,566900000.0,,,,,,,0.0363,Private
TCB,Techcombank,2014,175900000.0,14986050.0,,,0.1082057,79347790.0,,,,1913836.0,131700000.0,1081858.0,7106432.0,5772630.0,2258366.0,3431045.0,,0.0471,Private
TCB,Techcombank,2015,192000000.0,16457566.0,,,0.1033365,110500000.0,,,,1863706.0,142200000.0,1529188.0,9343942.0,7208380.0,3623934.0,3682803.0,,0.008786,Private
TCB,Techcombank,2016,235400000.0,19586476.0,,,0.09958734,141100000.0,,,,2246304.0,173400000.0,3148846.0,11918726.0,8142221.0,3661091.0,4260995.0,,0.032436,Private
TCB,Techcombank,2017,269400000.0,26930745.0,,,0.12324565,159000000.0,,,,2583926.0,171000000.0,6445595.0,16343806.0,8930412.0,3609226.0,4698283.0,,0.035203,Private
TCB,Techcombank,2018,321000000.0,51782705.0,,,0.20479839,157600000.0,,,,2803449.0,201400000.0,8473997.0,18349768.0,11126535.0,1846245.0,5842507.0,,0.035394,Private
TCB,Techcombank,2019,383700000.0,62072767.0,,,0.20341444,227900000.0,,,,3077876.0,231300000.0,10226209.0,21068145.0,14257844.0,917368.0,7312509.0,,0.0273,Private
TCB,Techcombank,2020,439600000.0,74614786.0,,,0.20207572,275300000.0,,,,1295192.0,277500000.0,12582467.0,27042526.0,18751209.0,2611035.0,8631195.0,,0.0396,Private
TCB,Techcombank,2021,568700000.0,93041472.0,,,0.20797701,343600000.0,,,,2293874.0,314800000.0,18415382.0,37076291.0,26698613.0,2664603.0,11173395.0,,0.0184,Private
TCB,Techcombank,2022,699000000.0,113400000.0,,,0.21752626,415800000.0,,,,3032605.0,358400000.0,20436426.0,40902080.0,30289775.0,1936294.0,13398018.0,,0.0315,Private
TCB,Techcombank,2023,849500000.0,131600000.0,,,0.21059021,512500000.0,,,,5999143.0,454700000.0,18190866.0,40061092.0,27691120.0,3921068.0,13251796.0,,0.03252893,Private
TCB,Techcombank,2024,978800000.0,147900000.0,,,0.15,631700000.0,,,,,533400000.0,,,,,,,0.0363,Private
TPB,Ngân hàng Tiên Phong,2014,51477556.0,4236547.0,,,0.12594491,19639834.0,,,,298525.48,21623430.0,535877.0,1151473.0,979171.0,-49626.0,665222.0,,0.0471,Private
TPB,Ngân hàng Tiên Phong,2015,76220834.0,4798665.0,,,0.09683198,27977664.0,,,,185968.0,39505447.0,562160.0,1555223.0,1402919.0,134767.0,794793.0,,0.008786,Private
TPB,Ngân hàng Tiên Phong,2016,105800000.0,5681486.0,,,0.07464233,46233626.0,,,,331058.0,55082028.0,565211.0,2308865.0,2120825.0,271735.0,1330576.0,,0.032436,Private
TPB,Ngân hàng Tiên Phong,2017,124100000.0,6676717.0,,,0.07568858,62747997.0,,,,694556.0,70298586.0,963609.0,3609726.0,3172424.0,462412.0,1941603.0,,0.035203,Private
TPB,Ngân hàng Tiên Phong,2018,136200000.0,10621685.0,,,0.1049628,76295237.0,,,,861334.0,76138062.0,1805238.0,5626800.0,4377777.0,522332.0,2846688.0,,0.035394,Private
TPB,Ngân hàng Tiên Phong,2019,164400000.0,13074679.0,,,0.10849415,94435382.0,,,,1235035.0,92439495.0,3093842.0,8469463.0,5633322.0,1297949.0,3303325.0,,0.0273,Private
TPB,Ngân hàng Tiên Phong,2020,206300000.0,16744398.0,,,0.10076076,118100000.0,,,,1420449.0,115900000.0,3510189.0,10369189.0,7619057.0,1783373.0,4197293.0,,0.0396,Private
TPB,Ngân hàng Tiên Phong,2021,292800000.0,25987070.0,,,0.12873346,139500000.0,,,,1156836.0,139600000.0,4829179.0,13517408.0,9946049.0,2908490.0,4570696.0,,0.0184,Private
TPB,Ngân hàng Tiên Phong,2022,328600000.0,32238981.0,,,0.13804656,159200000.0,,,,1357450.0,195000000.0,6260744.0,15617189.0,11386597.0,1843644.0,5945257.0,,0.0315,Private
TPB,Ngân hàng Tiên Phong,2023,356600000.0,32742917.0,,,0.12221067,202600000.0,,,,4200347.0,208300000.0,4463325.0,16236757.0,12427828.0,3946265.0,6701533.0,,0.03252893,Private
TPB,Ngân hàng Tiên Phong,2024,418000000.0,37596411.0,,,0.1339,250300000.0,,,,,242800000.0,,,,,,,0.0363,Private
VCB,Vietcombank,2014,577000000.0,43323971.0,,,0.10911564,316300000.0,,,,7458681.0,422200000.0,4584770.0,17285238.0,11754237.0,4591445.0,6850931.0,,0.0471,State
VCB,Vietcombank,2015,674400000.0,45172342.0,,,0.0904132,378500000.0,,,,7137263.0,500500000.0,5332067.0,21201797.0,15453032.0,6068091.0,8306249.0,,0.008786,State
VCB,Vietcombank,2016,787900000.0,48101510.0,,,0.0812091,452700000.0,,,,6936383.0,590500000.0,6851001.0,24879632.0,18527712.0,6406106.0,9950443.0,,0.032436,State
VCB,Vietcombank,2017,1035000000.0,52557959.0,,,0.0774625,535300000.0,,,,6208689.0,708500000.0,9110588.0,29406121.0,21937546.0,6198415.0,11866345.0,,0.035203,State
VCB,Vietcombank,2018,1074000000.0,62179379.0,,,0.08012801,621600000.0,,,,6222993.0,801900000.0,14622062.0,39278434.0,28408516.0,7398113.0,13611094.0,,0.035394,State
VCB,Vietcombank,2019,1223000000.0,80882982.0,,,0.09026258,724300000.0,,,,5803933.0,928500000.0,18525988.0,45730381.0,34577352.0,6790429.0,15817575.0,,0.0273,State
VCB,Vietcombank,2020,1326000000.0,94094979.0,,,0.09585198,820500000.0,,,,5229569.0,1032000000.0,18472518.0,49062541.0,36285475.0,9974730.0,16038250.0,,0.0396,State
VCB,Vietcombank,2021,1415000000.0,109100000.0,,,0.0982575,934800000.0,,,,6121128.0,1135000000.0,21939045.0,56723569.0,42399617.0,11478198.0,17574188.0,,0.0184,State
VCB,Vietcombank,2022,1814000000.0,135600000.0,,,0.10275041,1120000000.0,,,,7820421.0,1243000000.0,29919054.0,68082821.0,53246478.0,9464218.0,21250512.0,,0.0315,State
VCB,Vietcombank,2023,1840000000.0,165000000.0,,,0.11852862,1242000000.0,,,,12454967.0,1396000000.0,33054448.0,67723462.0,53620869.0,4564876.0,21914899.0,,0.03252893,State
VCB,Vietcombank,2024,2085000000.0,199000000.0,,,0.0931,1449000000.0,,,,,1515000000.0,,,,,,,0.0363,State
VIB,Ngân hàng Quốc tế,2014,80660959.0,8500263.0,,,0.13031305,37289571.0,,,,959887.0,49051909.0,522670.0,3470075.0,2292885.0,1188008.0,1633714.0,,0.0471,Private
VIB,Ngân hàng Quốc tế,2015,84308832.0,8610809.0,,,0.11695052,47024555.0,,,,989176.0,53303964.0,521066.0,2929455.0,2344114.0,509071.0,1765240.0,,0.008786,Private
VIB,Ngân hàng Quốc tế,2016,104500000.0,8742774.0,,,0.09934548,59164341.0,,,,1549719.0,59260842.0,561732.0,3400971.0,2626238.0,606127.0,2092628.0,,0.032436,Private
VIB,Ngân hàng Quốc tế,2017,123200000.0,8787521.0,,,0.08396287,78919360.0,,,,1986684.0,68377753.0,1124279.0,4089462.0,3455976.0,349935.0,2334457.0,,0.035203,Private
VIB,Ngân hàng Quốc tế,2018,139200000.0,10667645.0,,,0.08606165,95260970.0,,,,2413859.0,84862629.0,2193921.0,6085773.0,4825493.0,653487.0,2689716.0,,0.035394,Private
VIB,Ngân hàng Quốc tế,2019,184500000.0,13429644.0,,,0.08616375,127900000.0,,,,2536542.0,122400000.0,3266402.0,8152082.0,6213215.0,632725.0,3437100.0,,0.0273,Private
VIB,Ngân hàng Quốc tế,2020,244700000.0,17973814.0,,,0.08590982,167800000.0,,,,2957445.0,150300000.0,4642334.0,11215514.0,8496107.0,947635.0,4464872.0,,0.0396,Private
VIB,Ngân hàng Quốc tế,2021,309500000.0,24290740.0,,,0.09958241,199100000.0,,,,4670158.0,173600000.0,6409750.0,14890903.0,11816147.0,1598048.0,5281843.0,,0.0184,Private
VIB,Ngân hàng Quốc tế,2022,342800000.0,32651042.0,,,0.12127562,228900000.0,,,,5686839.0,200100000.0,8468767.0,18057838.0,14962555.0,1279609.0,6197114.0,,0.0315,Private
VIB,Ngân hàng Quốc tế,2023,409900000.0,37939587.0,,,0.11741083,262100000.0,,,,8374591.0,236600000.0,8563053.0,22160493.0,17360553.0,4845805.0,6610743.0,,0.03252893,Private
VIB,Ngân hàng Quốc tế,2024,493200000.0,41861806.0,,,0.1169,324000000.0,,,,,276300000.0,,,,,,,0.0363,Private
VPB,VPBank,2014,163200000.0,8980290.0,,,0.06931365,77255692.0,,,,1988942.0,108400000.0,1253593.0,6271061.0,5291087.0,979474.0,3682984.0,,0.0471,Private
VPB,VPBank,2015,193900000.0,13388922.0,,,0.08105375,115100000.0,,,,3145045.0,130300000.0,2395868.0,12066311.0,10353437.0,3277640.0,5692469.0,,0.008786,Private
VPB,VPBank,2016,228800000.0,17177528.0,,,0.085407,142600000.0,,,,4040568.0,123800000.0,3935045.0,16863757.0,15167859.0,5313094.0,6621352.0,,0.032436,Private
VPB,VPBank,2017,277800000.0,29695710.0,,,0.12655093,179500000.0,,,,6200022.0,133600000.0,6440767.0,25026091.0,20614426.0,8001058.0,8894970.0,,0.035203,Private
VPB,VPBank,2018,323300000.0,34750069.0,,,0.12649512,218400000.0,,,,7766265.0,170900000.0,7355568.0,31085664.0,24701576.0,11253231.0,10633924.0,,0.035394,Private
VPB,VPBank,2019,377200000.0,42209742.0,,,0.13045404,253100000.0,,,,8797544.0,213900000.0,8260263.0,36355506.0,30670460.0,13687626.0,12343718.0,,0.0273,Private
VPB,VPBank,2020,419000000.0,52793502.0,,,0.14522196,286300000.0,,,,9924188.0,233400000.0,10413760.0,39033114.0,32345823.0,14621638.0,11392021.0,,0.0396,Private
VPB,VPBank,2021,547400000.0,86278147.0,,,0.20139183,345400000.0,,,,16244163.0,241800000.0,11477170.0,44301475.0,34348829.0,19218768.0,10718937.0,,0.0184,Private
VPB,VPBank,2022,631000000.0,103500000.0,,,0.20069366,424700000.0,,,,25137134.0,303200000.0,16908807.0,57797089.0,41021058.0,22461226.0,14115731.0,,0.0315,Private
VPB,VPBank,2023,817600000.0,139800000.0,,,0.21226986,551500000.0,,,,28344247.0,442400000.0,8494171.0,49739488.0,38174676.0,24994374.0,13941218.0,,0.03252893,Private
VPB,VPBank,2024,923800000.0,147300000.0,,,0.143,692900000.0,,,,,485700000.0,,,,,,,0.0363,Private
